master_id,who,Cohort,Cohort_Var_Name,Full_Description,Cohort_Var_Description,Consensus Category,Test Categories
87,P,Airwave,F_734,How often have you been bothered by any of the following problems over the last two weeks - trouble falling or staying asleep or sleeping too much,over past 2 weeks has been bothered by trouble falling or staying asleep - too much sleep,"['Sleep Difficulty', 'Sleep Latency and Waking']",['No Specific Test']
540,P,Airwave,F_089,How much sleep do you usually get over a 24 hour period,amount of sleep usually enjoyed over a 24 hour period,['Sleep Duration'],['No Specific Test']
446,P,Airwave,F_188,Think about the most recent or disturbing work related incident you have dealt with since the last screen. If you have experienced any of the (listed) reactions at least twice in the last week please tell us about it - difficulty falling or staying asleep,following traumatic event has been bothered by difficulty falling or staying asleep,"['Sleep Difficulty', 'Mental Health and Sleep', 'Sleep Latency and Waking']",['No Specific Test']
741,P,Airwave,F_184,Think about the most recent or disturbing work related incident you have dealt with since the last screen. If you have experienced any of the (listed) reactions at least twice in the last week please tell us about it - Upsetting dreams about the event,following traumatic event has been bothered by upsetting dreams,['Dreams'],['No Specific Test']
11,BJD,AMPLE,SD_Insomnia,sleep disorders - insomnia,sleep disorders - insomnia,['Sleep Disorders'],['No Specific Test']
64,BJD,AMPLE,Ex_Sleep_Ever,excessive daytime sleepiness ever,excessive daytime sleepiness ever,['Daytime Sleepiness'],['No Specific Test']
82,BJD,AMPLE,SD_Ex_Sleep,sleep disorders - excessive daytime sleepiness,sleep disorders - excessive daytime sleepiness,"['Daytime Sleepiness', 'Sleep Disorders']",['No Specific Test']
105,BJD,AMPLE,Ex_Sleep_Duration,duration of excessive daytime sleepiness in months,duration of excessive daytime sleepiness in months,['Daytime Sleepiness'],['No Specific Test']
112,BJD,AMPLE,Insomnia_Ever,insomnia ever,insomnia ever,['Sleep Disorders'],['No Specific Test']
207,BJD,AMPLE,SD_Arm_Leg,sleep disorders - involuntary movements of arms and legs,sleep disorders - involuntary movements of arms and legs,['Sleep Disorders'],['No Specific Test']
216,BJD,AMPLE,SD_Nightmare,sleep disorders - troubled by nightmares,sleep disorders - troubled by nightmares,"['Dreams', 'Sleep Disorders']",['No Specific Test']
254,BJD,AMPLE,Night_Ever,nightmares ever,nightmares ever,['Dreams'],['No Specific Test']
322,BJD,AMPLE,Insomnia_duration,duration of insomnia in months,duration of insomnia in months,['Sleep Disorders'],['No Specific Test']
338,BJD,AMPLE,Night_Comm,nightmares comments,nightmares comments,['Dreams'],['No Specific Test']
353,BJD,AMPLE,npisleepnumber,npi total number sleep,npi total number sleep,['Sleep Quality'],['NPI']
359,BJD,AMPLE,npisleeptot,npi total (axb) sleep,npi total (axb) sleep,['Sleep Quality'],['NPI']
360,BJD,AMPLE,QSSLBD_Dreams,troubled by vivid dreams?,troubled by vivid dreams?,['Sleep Quality'],['No Specific Test']
397,BJD,AMPLE,Hypnotic,hypnotic prescribed?,hypnotic prescribed?,['Sleep Medications and Aids'],['No Specific Test']
405,BJD,AMPLE,Night_duration_months,duration of nightmares in months,duration of nightmares in months,['Dreams'],['No Specific Test']
411,BJD,AMPLE,QSSLBD_Nightmare,troubled by nightmares,troubled by nightmares,"['Sleep Difficulty', 'Dreams']",['No Specific Test']
438,BJD,AMPLE,Hypnotic_Dose_Comm,hypnotic dose/comments,hypnotic dose/comments,['Sleep Medications and Aids'],['No Specific Test']
552,BJD,AMPLE,Vivid_Comm,vivid dreams comments,vivid dreams comments,['Dreams'],['No Specific Test']
637,BJD,AMPLE,DCFS_Sleep,dcfs how much of the day does the patient sleep,dcfs how much of the day does the patient sleep,['Daytime Sleepiness'],['No Specific Test']
113,BJD,AMPLE,SD_Cried_Out,sleep disorders - cried out during sleep,sleep disorders - cried out during sleep,['Sleep Disorders'],['No Specific Test']
162,BJD,AMPLE,QSSLBD_Sleep,cried out during sleep?,cried out during sleep?,['Sleep Disorders'],['No Specific Test']
206,BJD,AMPLE,npisleep,npi sleep,npi sleep,['Sleep Quality'],['NPI']
208,BJD,AMPLE,SD_RLS,sleep disorders - restless legs syndrome,sleep disorders - restless legs syndrome,['Sleep Disorders'],['No Specific Test']
211,BJD,AMPLE,SD_Acting_Dream,sleep disorders - acting out dreams,sleep disorders - acting out dreams,"['Dreams', 'Sleep Disorders']",['No Specific Test']
266,BJD,AMPLE,Cried_Out_duration,duration of cried out during sleep in months,duration of cried out during sleep in months,['Sleep Disorders'],['No Specific Test']
358,BJD,AMPLE,npisleepfreq,npi frequency of sleep,npi frequency of sleep,['Sleep Quality'],['NPI']
400,BJD,AMPLE,SD_Vivid_Dream,sleep disorders - troubled by vivid dreams,sleep disorders - troubled by vivid dreams,"['Sleep Difficulty', 'Dreams', 'Sleep Disorders']",['No Specific Test']
404,BJD,AMPLE,npisleepdis,npi distress sleep,npi distress sleep,['Mental Health and Sleep'],['NPI']
417,BJD,AMPLE,Inc_Sleep_Comm,duration of increased sleepiness in months,duration of increased sleepiness in months,['Daytime Sleepiness'],['No Specific Test']
428,BJD,AMPLE,npisleepsev,npi severity of sleep,npi severity of sleep,['Sleep Difficulty'],['NPI']
495,BJD,AMPLE,SD_TLOC,sleep disorders - transient loss of consciousness,sleep disorders - transient loss of consciousness,['Sleep Disorders'],['No Specific Test']
543,BJD,AMPLE,Acting_Ever,acting out dreams ever,acting out dreams ever,['Dreams'],['No Specific Test']
586,BJD,AMPLE,Vivid_Ever,vivid dreams ever,vivid dreams ever,['Dreams'],['No Specific Test']
596,BJD,AMPLE,RTNM_Inc_Sleep,reactions to new medications - increased sleepiness,reactions to new medications - increased sleepiness,['Sleep Medications and Aids'],['No Specific Test']
623,BJD,AMPLE,Acting_Comm,acting out dreams comments,acting out dreams comments,['Dreams'],['No Specific Test']
624,BJD,AMPLE,Acting_duration,duration of acting out dreams in months,duration of acting out dreams in months,['Dreams'],['No Specific Test']
628,BJD,AMPLE,Vivid_duration_months,duration of vivid dreams in months,duration of vivid dreams in months,['Dreams'],['No Specific Test']
421,BJD,BRACE,A024Sleep problems,"a024 sleep problems - 1=absent, 2=present,","a024 sleep problems - 1=absent, 2=present,",['Sleep Difficulty'],['No Specific Test']
80,BJD,CamCAN,SP12,"during the past month, how often have you had trouble sleeping because you:- had bad dreams","during the past month, how often have you had trouble sleeping because you:- had bad dreams","['Sleep Difficulty', 'Dreams']",['No Specific Test']
88,BJD,CamCAN,SP8,"during the past month, how often have you had trouble sleeping because you:- cannot breathe comfortably","during the past month, how often have you had trouble sleeping because you:- cannot breathe comfortably","['Sleep Difficulty', 'Sleep Environment']",['No Specific Test']
106,BJD,CamCAN,SP5,"during the past month, how often have you had trouble sleeping because you:- cannot get to sleep within 30 minutes","during the past month, how often have you had trouble sleeping because you:- cannot get to sleep within 30 minutes","['Sleep Difficulty', 'Sleep Latency and Waking']",['No Specific Test']
107,BJD,CamCAN,SP9,"during the past month, how often have you had trouble sleeping because you:- cough or snore loudly","during the past month, how often have you had trouble sleeping because you:- cough or snore loudly",['Sleep Difficulty'],['No Specific Test']
108,BJD,CamCAN,SP6,"during the past month, how often have you had trouble sleeping because you:- wake up in the middle of the night or early morning","during the past month, how often have you had trouble sleeping because you:- wake up in the middle of the night or early morning","['Sleep Difficulty', 'Sleep Latency and Waking']",['No Specific Test']
169,BJD,CamCAN,SP13,"during the past month, how often have you had trouble sleeping because you:- have pain","during the past month, how often have you had trouble sleeping because you:- have pain","['Sleep Difficulty', 'Physical Health and Sleep']",['No Specific Test']
174,BJD,CamCAN,SP7,"during the past month, how often have you had trouble sleeping because you:- have to get up to use the bathroom","during the past month, how often have you had trouble sleeping because you:- have to get up to use the bathroom",['Sleep Difficulty'],['No Specific Test']
250,BJD,CamCAN,SP10,"during the past month, how often have you had trouble sleeping because you:- feel too cold","during the past month, how often have you had trouble sleeping because you:- feel too cold","['Sleep Difficulty', 'Sleep Environment']",['No Specific Test']
252,BJD,CamCAN,SP11,"during the past month, how often have you had trouble sleeping because you:- feel too hot","during the past month, how often have you had trouble sleeping because you:- feel too hot","['Sleep Difficulty', 'Sleep Environment']",['No Specific Test']
255,BJD,CamCAN,SP14,"during the past month, how often have you had trouble sleeping because you:- any other reasons, and if so how often?","during the past month, how often have you had trouble sleeping because you:- any other reasons, and if so how often?",['Sleep Difficulty'],['No Specific Test']
300,BJD,CamCAN,SP16,during the past month how would you rate your sleep quality overall?,during the past month how would you rate your sleep quality overall?,['Sleep Quality'],['No Specific Test']
361,BJD,CamCAN,SP4,"during the past month, how many hours of actual sleep did you get at night? (this may be different than the number of hours you spend in bed)","during the past month, how many hours of actual sleep did you get at night? (this may be different than the number of hours you spend in bed)",['Sleep Duration'],['No Specific Test']
431,BJD,CamCAN,SP17,"during the past month, how often have you taken medicine (prescribed or over the counter) to help you sleep?","during the past month, how often have you taken medicine (prescribed or over the counter) to help you sleep?",['Sleep Medications and Aids'],['No Specific Test']
444,BJD,CamCAN,EPAQ_001,average daily sleep time (hours) during the week,average daily sleep time (hours) during the week,['Sleep Duration'],['No Specific Test']
455,BJD,CamCAN,SP18,"during the past month, how often have you had trouble staying awake while driving, eating meals, or engaging in social activity?","during the past month, how often have you had trouble staying awake while driving, eating meals, or engaging in social activity?",['Daytime Sleepiness'],['No Specific Test']
504,BJD,CamCAN,SP2,"during the past month, how long (in minutes) has it usually taken you to fall asleep each night?","during the past month, how long (in minutes) has it usually taken you to fall asleep each night?",['Sleep Latency and Waking'],['No Specific Test']
529,BJD,CamCAN,EPAQ_002,average daily sleep time (hours) during the weekend,average daily sleep time (hours) during the weekend,['Sleep Duration'],['No Specific Test']
630,BJD,CamCAN,EPAQ_035,"time spent sedentary, excluding sleep [hrs/d]","time spent sedentary, excluding sleep [hrs/d]",['Uncategorized'],['No Specific Test']
660,BJD,CamPaIGN,Epworth Sleepiness Scale (X),How likely are you to doze off or fall asleep in the following situations?,epworth sleepiness scale score at visit x,['Daytime Sleepiness'],['Epworth Sleepiness Scale']
65,BJD,CaPS,T0552 C5 CA Investigations IQcode IR,[c5 ca personality] sleep pattern disturbance ,[c5 ca personality] sleep pattern disturbance ,['Sleep Difficulty'],['No Specific Test']
165,BJD,CaPS,c3sleeptablets,[c3 sleep disturbance q16] do you take sleeping tables? ,[c3 sleep disturbance q16] do you take sleeping tables? ,"['Sleep Difficulty', 'Sleep Medications and Aids']",['No Specific Test']
259,BJD,CaPS,c3backtosleepdifficulty,[c3 sleep disturbance q11b] wake up during the night and have a hard time getting back to sleep? ,[c3 sleep disturbance q11b] wake up during the night and have a hard time getting back to sleep? ,"['Sleep Difficulty', 'Sleep Latency and Waking']",['No Specific Test']
304,BJD,CaPS,c3notfeelrested,"[c3 sleep disturbance q11d] not feel rested during the day, no matter how many hours of sleep you had? ","[c3 sleep disturbance q11d] not feel rested during the day, no matter how many hours of sleep you had? ","['Sleep Quality', 'Daytime Sleepiness']",['No Specific Test']
356,BJD,CaPS,c1troublesleeping,[c1 clinic interview q23c4c] personality: are you: have trouble sleeping or falling asleep ,[c1 clinic interview q23c4c] personality: are you: have trouble sleeping or falling asleep ,"['Sleep Difficulty', 'Sleep Latency and Waking']",['No Specific Test']
408,BJD,CaPS,c3bothersometwitches,[c3 sleep disturbance q11e] restless legs or borthersome twiches? ,[c3 sleep disturbance q11e] restless legs or borthersome twiches? ,"['Sleep Difficulty', 'Sleep Disorders']",['No Specific Test']
434,BJD,CaPS,c3restlessdisturbednights,[c3 general health q3] have you recently been having restless disturbed nights? ,[c3 general health q3] have you recently been having restless disturbed nights? ,['Sleep Difficulty'],['No Specific Test']
497,BJD,CaPS,c2homesleephours,[c2 home & work environment q21] how many months a year do you sleep with your bedroom window open? ,[c2 home & work environment q21] how many months a year do you sleep with your bedroom window open? ,['Sleep Environment'],['No Specific Test']
499,BJD,CaPS,c2wakeupduenoise,[c2 home & work environment q29] does traffic noise wake you up? ,[c2 home & work environment q29] does traffic noise wake you up? ,"['Sleep Environment', 'Sleep Latency and Waking']",['No Specific Test']
526,BJD,CaPS,c3tasksatisfaction,[c3 general health q8] have you recently been satisfied with the way youve carried out your task? ,[c3 general health q8] have you recently been satisfied with the way youve carried out your task? ,['Uncategorized'],['No Specific Test']
536,BJD,CaPS,c2sleepdifficult,[c2 home & work environment q28] does traffic noise make it difficult for you to fall asleep? ,[c2 home & work environment q28] does traffic noise make it difficult for you to fall asleep? ,"['Sleep Environment', 'Sleep Latency and Waking']",['No Specific Test']
110,BJD,CaPS,c3todaydoyoufeel,"[c3 sleep disturbance q1] today, do you feel? ","[c3 sleep disturbance q1] today, do you feel? ",['Uncategorized'],['No Specific Test']
158,BJD,CaPS,T0481 C3 General health and sleep disturbance quests,[c3 sleep disturbance] the card number in this case 9,[c3 sleep disturbance] the card number in this case 9,['Uncategorized'],['No Specific Test']
256,BJD,CaPS,T0481 C3 General health and sleep disturbance quests,[c3 sleep disturbance] the file number as recorded on card 9,[c3 sleep disturbance] the file number as recorded on card 9,['Uncategorized'],['No Specific Test']
261,BJD,CaPS,c3snoring,[c3 sleep disturbance q2] have you ever been told you snore? ,[c3 sleep disturbance q2] have you ever been told you snore? ,['Sleep Disorders'],['No Specific Test']
296,BJD,CaPS,c3gettosleepdifficuly,[c3 sleep disturbance q11a] difficulty in getting to sleep? ,[c3 sleep disturbance q11a] difficulty in getting to sleep? ,"['Sleep Difficulty',  'Sleep Latency and Waking']",['No Specific Test']
347,BJD,CaPS,c3loudnesssnoring,[c3 sleep disturbance q4] how loud have others said your snoring is? ,[c3 sleep disturbance q4] how loud have others said your snoring is? ,"['Sleep Difficulty', 'Sleep Environment']",['No Specific Test']
349,BJD,CaPS,c3sleepinessduringday,[c3 sleep disturbance q11f] feelings of excessive sleepiness during the day? ,[c3 sleep disturbance q11f] feelings of excessive sleepiness during the day? ,['Daytime Sleepiness'],['No Specific Test']
351,BJD,CaPS,c3hrsworkdaysleep,[c3 sleep disturbance q13a] how many hours of sleep do you usually get in a workday night?,[c3 sleep disturbance q13a] how many hours of sleep do you usually get in a workday night?,['Sleep Duration'],['No Specific Test']
362,BJD,CaPS,c3freqnapduringtheday,[c3 sleep disturbance q14] how often do you take a nap during the day or early evening? ,[c3 sleep disturbance q14] how often do you take a nap during the day or early evening? ,['Daytime Sleepiness'],['No Specific Test']
392,BJD,CaPS,c3wakerepeatedly,[c3 sleep disturbance q11c] wake up repeatly during the night? ,[c3 sleep disturbance q11c] wake up repeatly during the night? ,"['Sleep Difficulty', 'Sleep Latency and Waking']",['No Specific Test']
394,BJD,CaPS,c3hrsweekendsleep,[c3 sleep disturbance q13b] how many hours of sleep do you usually get in a weekend or non-work night?,[c3 sleep disturbance q13b] how many hours of sleep do you usually get in a weekend or non-work night?,['Sleep Duration'],['No Specific Test']
398,BJD,CaPS,c3kickduringsleep,[c3 sleep disturbance q10] do you kick or make other disruptive movements during sleep? ,[c3 sleep disturbance q10] do you kick or make other disruptive movements during sleep? ,['Sleep Disorders'],['No Specific Test']
401,BJD,CaPS,c3freqsnoring,"[c3 sleep disturbance q3] according to others, please estimate how often you snore? ","[c3 sleep disturbance q3] according to others, please estimate how often you snore? ",['Sleep Disorders'],['No Specific Test']
436,BJD,CaPS,T0481 C3 General health and sleep disturbance quests,[c3 sleep disturbance] the unique number allocated to each subject in the study as recorded on card 9,[c3 sleep disturbance] the unique number allocated to each subject in the study as recorded on card 9,['Uncategorized'],['No Specific Test']
439,BJD,CaPS,c3sleepbreathupnormally,[c3 sleep disturbance q9] how often do you seem to have momentary periods in your sleep when you breath abnormally? ,[c3 sleep disturbance q9] how often do you seem to have momentary periods in your sleep when you breath abnormally? ,['Sleep Disorders'],['No Specific Test']
442,BJD,CaPS,c3gaspduringsleep,"[c3 sleep disturbance q7] according to others how often do you gasp, choke or make snorting sounds during sleep? ","[c3 sleep disturbance q7] according to others how often do you gasp, choke or make snorting sounds during sleep? ",['Sleep Disorders'],['No Specific Test']
451,BJD,CaPS,c3timefallasleep,[c3 sleep disturbance q12] approximately how many minutes does it usually take you to fall asleep at night?,[c3 sleep disturbance q12] approximately how many minutes does it usually take you to fall asleep at night?,['Sleep Latency and Waking'],['No Specific Test']
458,BJD,CaPS,c1sleeping,[c1 clinic interview q23c2g] personality: are you: do you have great difficulty in falling or staying asleep? ,[c1 clinic interview q23c2g] personality: are you: do you have great difficulty in falling or staying asleep? ,"['Sleep Difficulty', 'Sleep Latency and Waking']",['No Specific Test']
460,BJD,CaPS,T0481 C3 General health and sleep disturbance quests,[c3 sleep disturbance] date of birth of the subject in format dd/mm/yyyy from card 9,[c3 sleep disturbance] date of birth of the subject in format dd/mm/yyyy from card 9,['Uncategorized'],['No Specific Test']
489,BJD,CaPS,c3yrssnoring,"[c3 sleep disturbance q5] based on what others have told you, for about how many years do you think you have snored?","[c3 sleep disturbance q5] based on what others have told you, for about how many years do you think you have snored?",['Sleep Disorders'],['No Specific Test']
492,BJD,CaPS,T0481 C3 General health and sleep disturbance quests,[c3 sleep disturbance] original text version of date of birth of the subject in format ddmmyy from card 9,[c3 sleep disturbance] original text version of date of birth of the subject in format ddmmyy from card 9,['Uncategorized'],['No Specific Test']
501,BJD,CaPS,c3nasalcongestion,"[c3 sleep disturbance q11g] nasal congestion, obstruction, or discharge at night? ","[c3 sleep disturbance q11g] nasal congestion, obstruction, or discharge at night? ",['Physical Health and Sleep'],['No Specific Test']
506,BJD,CaPS,c3allergiescausingnasalcongestio,[c3 sleep disturbance q15] do you have any allergies like hay fever that cause congestion? ,[c3 sleep disturbance q15] do you have any allergies like hay fever that cause congestion? ,['Physical Health and Sleep'],['No Specific Test']
509,BJD,CaPS,c3stimulantstostayawake,[c3 sleep disturbance q11i] need for coffee or other stimulants to stay awake during the day? ,[c3 sleep disturbance q11i] need for coffee or other stimulants to stay awake during the day? ,['Daytime Sleepiness'],['No Specific Test']
514,BJD,CaPS,c5q45kicking,[c5 self completion quest q45] how often do you kick or make other disruptive movements during sleep? ,[c5 self completion quest q45] how often do you kick or make other disruptive movements during sleep? ,['Sleep Disorders'],['No Specific Test']
519,BJD,CaPS,c3dozemomentarily,"[c3 sleep disturbance q11h] fall asleep or doze momentarily: watching tv, reading, in meetings etc? ","[c3 sleep disturbance q11h] fall asleep or doze momentarily: watching tv, reading, in meetings etc? ",['Daytime Sleepiness'],['No Specific Test']
522,BJD,CaPS,c3awarenesssnoring,[c3 sleep disturbance q6] how often(if ever) have you had the feeling or awareness that you have been snoring? ,[c3 sleep disturbance q6] how often(if ever) have you had the feeling or awareness that you have been snoring? ,['Sleep Disorders'],['No Specific Test']
545,BJD,CaPS,c3wakegasping,[c3 sleep disturbance q8] how often have you wakened suddenly with the feeling of gasping or choking? ,[c3 sleep disturbance q8] how often have you wakened suddenly with the feeling of gasping or choking? ,"['Sleep Disorders', 'Sleep Latency and Waking']",['No Specific Test']
556,BJD,CaPS,c5q47hoursofsleep,[c5 self completion quest q47] how many hours of sleep do you usually get each night?,[c5 self completion quest q47] how many hours of sleep do you usually get each night?,['Sleep Duration'],['No Specific Test']
590,BJD,CaPS,c2easilyawakened,[c2 psychosocial quest noise q2] i am easily awakened by noise ,[c2 psychosocial quest noise q2] i am easily awakened by noise ,"['Sleep Environment', 'Sleep Latency and Waking']",['No Specific Test']
593,BJD,CaPS,c5q42gaspingorchoking,[c5 self completion quest q42] how often do you gasp or choke during sleep? ,[c5 self completion quest q42] how often do you gasp or choke during sleep? ,['Sleep Disorders'],['No Specific Test']
598,BJD,CaPS,c5q39loudnessofsnoring,[c5 self completion quest q39] how loud is your snoring? ,[c5 self completion quest q39] how loud is your snoring? ,['Sleep Disorders'],['No Specific Test']
612,BJD,CaPS,c3depressed,[c3 general health q22] have you recently been feeling unhappy and depressed? ,[c3 general health q22] have you recently been feeling unhappy and depressed? ,['Uncategorized'],['No Specific Test']
614,BJD,CaPS,c5q50sleepingtablets,[c5 self completion quest q50] do you take sleeping tablets? ,[c5 self completion quest q50] do you take sleeping tablets? ,['Sleep Medications and Aids'],['No Specific Test']
617,BJD,CaPS,c2angrywithnoisypeople,[c2 psychosocial quest noise q9] i get angry with people who make noise that keeps me awake or doing work ,[c2 psychosocial quest noise q9] i get angry with people who make noise that keeps me awake or doing work ,"['Sleep Environment', 'Sleep Latency and Waking']",['No Specific Test']
619,BJD,CaPS,c5q44stopbreathing,[c5 self completion quest q44] how often do you have momentary periods during sleep when you stop breathing or breath abnormally? ,[c5 self completion quest q44] how often do you have momentary periods during sleep when you stop breathing or breath abnormally? ,['Sleep Disorders'],['No Specific Test']
639,BJD,CaPS,c2lostmuchsleep,[c2 general health q2] have you recently lost much sleep over worry? ,[c2 general health q2] have you recently lost much sleep over worry? ,['Mental Health and Sleep'],['No Specific Test']
641,BJD,CaPS,c3lostmuchsleep,[c3 general health q2] have you recently lost much sleep over worry? ,[c3 general health q2] have you recently lost much sleep over worry? ,['Mental Health and Sleep'],['No Specific Test']
643,BJD,CaPS,c4lostmuchsleep,[c4 general health q2] have you recently lost much sleep over worry? ,[c4 general health q2] have you recently lost much sleep over worry? ,['Mental Health and Sleep'],['No Specific Test']
645,BJD,CaPS,c5lostmuchsleep,[c5 general health q2] have you recently lost much sleep over worry? ,[c5 general health q2] have you recently lost much sleep over worry? ,['Mental Health and Sleep'],['No Specific Test']
647,BJD,CaPS,c5q51fsittingtalking,[c5 self completion quest q51f] how likely are you to fall asleep sitting talking to someone? ,[c5 self completion quest q51f] how likely are you to fall asleep sitting talking to someone? ,"['Sleep Latency and Waking', 'Daytime Sleepiness']",['No Specific Test']
651,BJD,CaPS,c5q46minutestosleep,[c5 self completion quest q46] approximately how many minutes does it usually take you to fall asleep?,[c5 self completion quest q46] approximately how many minutes does it usually take you to fall asleep?,['Sleep Latency and Waking'],['No Specific Test']
655,BJD,CaPS,c5q41awarenessofsnoring,[c5 self completion quest q41] how often have you had the feeling of awareness that you have been snoring? ,[c5 self completion quest q41] how often have you had the feeling of awareness that you have been snoring? ,['Sleep Disorders'],['No Specific Test']
663,BJD,CaPS,c5q51gafterlunch,[c5 self completion quest q51g] how likely are you to fall asleep sitting quietly after lunch without alcohol? ,[c5 self completion quest q51g] how likely are you to fall asleep sitting quietly after lunch without alcohol? ,['Daytime Sleepiness'],['No Specific Test']
665,BJD,CaPS,c3wakeuptrafficnoise,[c3 lifestyle quest q11c] does traffic noise ever wake you up? ,[c3 lifestyle quest q11c] does traffic noise ever wake you up? ,"['Sleep Environment', 'Sleep Latency and Waking']",['No Specific Test']
673,BJD,CaPS,c3outdoors,[c3 general health q5] have you recently been getting out of the house as much as usual? ,[c3 general health q5] have you recently been getting out of the house as much as usual? ,['Uncategorized'],['No Specific Test']
675,BJD,CaPS,c5q51bwatchingtv,[c5 self completion quest q51b] how likely are you to fall asleep watching tv? ,[c5 self completion quest q51b] how likely are you to fall asleep watching tv? ,['Daytime Sleepiness'],['No Specific Test']
678,BJD,CaPS,c5q51asittingandreading,[c5 self completion quest q51a] how likely are you to fall asleep sitting and reading? ,[c5 self completion quest q51a] how likely are you to fall asleep sitting and reading? ,['Daytime Sleepiness'],['No Specific Test']
680,BJD,CaPS,c5q51dpassengerinacar,[c5 self completion quest q51d] how likely are you to fall asleep as a passenger in a car? ,[c5 self completion quest q51d] how likely are you to fall asleep as a passenger in a car? ,"['Daytime Sleepiness', 'Sleep Environment']",['No Specific Test']
713,BJD,CaPS,c5q51ctheatreormeeting,[c5 self completion quest q51c] how likely are you to fall asleep in a theatre or meeting? ,[c5 self completion quest q51c] how likely are you to fall asleep in a theatre or meeting? ,"['Daytime Sleepiness', 'Sleep Environment']",['No Specific Test']
717,BJD,CaPS,c5q51htrafficlights,[c5 self completion quest q51h] how likely are you to fall asleep in a car stopped at traffic lights? ,[c5 self completion quest q51h] how likely are you to fall asleep in a car stopped at traffic lights? ,"['Daytime Sleepiness', 'Sleep Environment']",['No Specific Test']
719,BJD,CaPS,c5q51elyingdown,[c5 self completion quest q51e] how likely are you to fall asleep lying down to rest in the afternoon? ,[c5 self completion quest q51e] how likely are you to fall asleep lying down to rest in the afternoon? ,['Daytime Sleepiness'],['No Specific Test']
721,BJD,CaPS,c5q43wokengaspingorchoking,[c5 self completion quest q43] how often have you wakened suddenly with the feeling of gasping  or choking? ,[c5 self completion quest q43] how often have you wakened suddenly with the feeling of gasping  or choking? ,"['Sleep Difficulty', 'Sleep Latency and Waking']",['No Specific Test']
734,BJD,CaPS,c3abletoconcentrate,[c3 general health q1] have you recently been able to concentrate on whatever youre doing? ,[c3 general health q1] have you recently been able to concentrate on whatever youre doing? ,['Uncategorized'],['No Specific Test']
736,BJD,CaPS,c5q48nap,[c5 self completion quest q48] how often do you take a nap during the day or early evening? ,[c5 self completion quest q48] how often do you take a nap during the day or early evening? ,['Daytime Sleepiness'],['No Specific Test']
2,BJD,CFAS,v64_h2,Does s/he have difficulty in getting to sleep?,s. has difficulty in sleeping?,['Sleep Difficulty'],['No Specific Test']
6,BJD,CFAS,v84_a0,Trouble sleeping recently?,trouble sleeping?,['Sleep Difficulty'],['No Specific Test']
12,BJD,CFAS,v113_c12,Have you had any trouble sleeping recently?,any trouble sleeping?,['Sleep Difficulty'],['No Specific Test']
23,BJD,CFAS,v103_h2,Is that a problem now? (If YES: How bad is it?),difficulty with sleeping now?,['Sleep Difficulty'],['No Specific Test']
29,BJD,CFAS,v102_h2,Did s/he have difficulty sleeping at the start? (If YES: How bad was that),onset. difficulty sleeping?,['Sleep Difficulty'],['No Specific Test']
37,BJD,CFAS,v231_h2,Does s/he take alcohol to get to sleep?,take alcohol to sleep?,"['Sleep Medications and Aids', 'Alcohol Related']",['No Specific Test']
66,BJD,CFAS,v64_h6,Does s/he have difficulty in getting to sleep?,s has difficulty getting to sleep?,"['Sleep Difficulty', 'Sleep Latency and Waking']",['No Specific Test']
90,BJD,CFAS,v89_a0,Sleep interrupted,sleep interrupted?,['Sleep Difficulty'],['No Specific Test']
103,BJD,CFAS,v118_s0,Do you have problems staying asleep or falling asleep?,type of sleep problem?,['Sleep Difficulty'],['No Specific Test']
122,BJD,CFAS,v66_h6,"Does s/he wake early in the morning, before his/her normal time, and not get back to sleep again?",s restless at night?,['Sleep Difficulty'],['No Specific Test']
140,BJD,CFAS,v102_h6,Did s/he have difficulty sleeping at the start? (If YES: How bad was that),s difficulty sleeping at beginning?,['Sleep Difficulty'],['No Specific Test']
170,BJD,CFAS,v87_a0,Rate - insomnia,o-rate insomnia,['Sleep Disorders'],['No Specific Test']
172,BJD,CFAS,v117_s0,Do you ever have any problems sleeping? (PROMPT: How often?),problems sleeping?,['Sleep Difficulty'],['No Specific Test']
175,BJD,CFAS,v103_h6,Is that a problem now? (If YES: How bad is it?),sleeping a problem now?,['Sleep Difficulty'],['No Specific Test']
193,BJD,CFAS,v116_c12,RATE HAS INSOMNIA MOST OF THE NIGHT AND SLEEPS MAINLY DURING THE DAY (If not established ASK When do you get any sleep?),rating: has insomnia,['Sleep Disorders'],['No Specific Test']
217,BJD,CFAS,v88_a0,Difficulty falling asleep,difficulty falling asleep?,"['Sleep Difficulty', 'Sleep Latency and Waking']",['No Specific Test']
251,BJD,CFAS,v118_s2,Do you have problems staying asleep or falling asleep?,type of sleeping problem,['Sleep Difficulty'],['No Specific Test']
270,BJD,CFAS,v361_c12,Interviewee repeatedly falls asleep and has to be awakened.,obs - falls asleep,['Uncategorized'],['No Specific Test']
328,BJD,CFAS,v300_a0,Rate-Respondent fell asleep,o-respondent fell asleep,['Uncategorized'],['No Specific Test']
505,BJD,CFAS,v117_s2,Do you ever have any problems sleeping? (PROMPT: How often?),developed any sleeping problems?,['Sleep Difficulty'],['No Specific Test']
532,BJD,CFAS,v65_h2,Is s/he restless or wakeful during the night?,s. restless/wakeful at night?,"['Sleep Difficulty', 'Sleep Latency and Waking']",['No Specific Test']
553,BJD,CFAS,v85_a0,Anything taken to help sleep?,taken anything to help sleep?,['Sleep Medications and Aids'],['No Specific Test']
562,BJD,CFAS,v114_c12,Have you taken anything to help you sleep? Does it help?,taken anything to help you sleep?,['Sleep Medications and Aids'],['No Specific Test']
682,BJD,CFAS,v92_a0,What disturbs sleep,what wakes you up?,['Sleep Latency and Waking'],['No Specific Test']
85,BJD,CFAS,v269_a0,Rate-restless,o-restless,['Sleep Difficulty'],['No Specific Test']
167,BJD,CFAS,v119_s0,At what age did your sleep become a problem?,age at onset of sleep problem?,['Uncategorized'],['No Specific Test']
248,BJD,CFAS,v120a_s0,rate: who answered sleep section?,rate: who answered sleep section?,['Uncategorized'],['No Specific Test']
257,BJD,CFAS,v86_a0,How long troubled sleep,how long troubled sleep?,['Sleep Difficulty'],['No Specific Test']
373,BJD,CFAS,v65_h6,Is s/he restless or wakeful during the night?,s wake early in morning?,['Sleep Latency and Waking'],['No Specific Test']
369,BJD,CFAS,v66_h2,"Does s/he wake early in the morning, before his/her normal time, and not get back to sleep again?",s. wake early in morning?,['Sleep Latency and Waking'],['No Specific Test']
426,BJD,CFAS,v120a_s2,who answered memory/sleep section?,who answered memory/sleep section?,['Uncategorized'],['No Specific Test']
463,BJD,CFAS,v362_c12,"Interviewee appears generally sleep, but does not actually fall asleep.",obs - generally sleepy,['Uncategorized'],['No Specific Test']
584,BJD,CFAS,v90_a0,Wakes up early,wake up early?,['Sleep Latency and Waking'],['No Specific Test']
600,BJD,CFAS,v167_c12,Was it when you were wide awake?,when you are wide awake?,['Uncategorized'],['No Specific Test']
669,BJD,CFAS,v157_a0,Visions when wide awake,vision when you are wide awake?,['Uncategorized'],['No Specific Test']
723,BJD,CFAS,v120_c12,"RATE AWAKENS EARLY BY 2 HOURS OR MORE & CANNOT GET BACK TO SLEEP, MOST NIGHTS FOR AT LEAST TWO WEEKS IN THE LAST MONTH.",rating: wakes early by 2 hrs,"['Sleep Duration', 'Sleep Latency and Waking']",['No Specific Test']
34,BJD,CFASII,v88_h1,Does s/he have difficulty in getting to sleep?,difficulty in getting to sleep,['Sleep Difficulty'],['No Specific Test']
48,BJD,CFASII,v310_h1,Does s/he take alcohol to get to sleep?,take alcohol to sleep?,['Alcohol Related'],['No Specific Test']
83,BJD,CFASII,v201_w1,Have you had any trouble sleeping recently?,have you had any trouble sleeping recently?,['Sleep Difficulty'],['No Specific Test']
129,BJD,CFASII,v89_h1,Is s/he restless or wakeful during the night?,s restless at night?,['Sleep Difficulty'],['No Specific Test']
147,BJD,CFASII,v132_h1,Did s/he have difficulty sleeping at the start? (If YES: How bad was that?),s difficulty sleeping at beginning?,['Sleep Difficulty'],['No Specific Test']
182,BJD,CFASII,v133_h1,Is that a problem now? (If YES: How bad is it?),sleeping a problem now?,['Sleep Difficulty'],['No Specific Test']
212,BJD,CFASII,v206_w1,Is your sleep interrupted during the night?,sleep interrupted during the night?,['Sleep Difficulty'],['No Specific Test']
230,BJD,CFASII,v205_w1,Have you had difficulty falling asleep (getting off to sleep)? Do you lie awake for long periods of time (waiting for sleep)?,difficulty falling asleep?,"['Sleep Difficulty', 'Sleep Latency and Waking']",['No Specific Test']
281,BJD,CFASII,v638_w1,obs - falls asleep,obs - falls asleep,['Uncategorized'],['No Specific Test']
330,BJD,CFASII,v208_w1,Have you recently been waking up early in the morning and found it impossible to get back to sleep? What time would that be? Is that your usual time? How often has it happened?,waking up early in the morning,['Sleep Latency and Waking'],['No Specific Test']
695,BJD,CFASII,v210_w1,"What wakes you up? (What is the difficulty?) Is it a physical problem like having to pass (water) urine, or pain? Does noise bother you?",what wakes you up?,['Sleep Latency and Waking'],['No Specific Test']
380,BJD,CFASII,v90_h1,"Does s/he wake early in the morning, before his/her normal time, and not get back to sleep again?",s wake early in morning?,['Sleep Latency and Waking'],['No Specific Test']
429,BJD,CFASII,v207_w1,RATE SLEEP INTERRUPTED DURING THE NIGHT MOST NIGHTS FOR AT LEAST TWO WEEKS IN THE LAST MONTH.,rate sleep interrupted during the night most nights for at least two weeks,['Sleep Difficulty'],['No Specific Test']
447,BJD,CFASII,v204_w1,RATE HAS INSOMNIA MOST OF THE NIGHT AND SLEEPS MAINLY DURING THE DAY (If not established ASK When do you get any sleep?),insomnia most of the night and sleeps mainly during the day,['Sleep Disorders'],['No Specific Test']
461,BJD,CFASII,v215_w1,Proxy answered eating habits and sleep section.,proxy answered eating habits and sleep sections?,['Uncategorized'],['No Specific Test']
474,BJD,CFASII,v639_w1,obs - generally sleepy,obs - generally sleepy,['Uncategorized'],['No Specific Test']
625,BJD,CFASII,v202_w1,Have you taken anything to help you sleep? Does it help?,have you taken anything to help you sleep?,['Sleep Medications and Aids'],['No Specific Test']
653,BJD,CFASII,v257_w1,Was it when you were wide awake?,was it when you were wide awake?,['Uncategorized'],['No Specific Test']
10,,ELSA,heslpf,During the last month how would you rate your sleep quality overall?, sleep: rating sleep quality overall,['Sleep Quality'],['No Specific Test']
9,,ELSA,heslpf,During the last month how would you rate your sleep quality overall?,sleep: rating sleep quality overall,['Sleep Quality'],['No Specific Test']
27,,ELSA,shwake1,difficulty in sleeping in last 30 days,difficulty in sleeping in last 30 days,['Sleep Difficulty'],['No Specific Test']
116,,ELSA,sletw,"in the last 12 months, how often has wheezing disturbed sleep","in the last 12 months, how often has wheezing disturbed sleep",['Sleep Difficulty'],['No Specific Test']
209,,ELSA,heslpa,How often do you have difficulty falling asleep?,sleep: how often respondent has difficulty falling asleep,"['Sleep Difficulty', 'Sleep Latency and Waking']",['No Specific Test']
265,,ELSA,shwake4,alice vignette: difficulty in sleeping in last 30 days,alice vignette: difficulty in sleeping in last 30 days,['Sleep Difficulty'],['No Specific Test']
298,,ELSA,shwake2,carol vignette: difficulty in sleeping in last 30 days,carol vignette: difficulty in sleeping in last 30 days,['Sleep Difficulty'],['No Specific Test']
307,,ELSA,pscedc,"(Much of the time during the past week), your sleep was restless?",whether felt their sleep was restless during past week,['Sleep Difficulty'],['No Specific Test']
309,,ELSA,r7sleepr,"r7sleepr:w7 r cesd: sleep was restless (0,1)","r7sleepr:w7 r cesd: sleep was restless (0,1)",['Sleep Difficulty'],['CESD']
310,,ELSA,s7sleepr,"s7sleepr:w7 s cesd: sleep was restless (0,1)","s7sleepr:w7 s cesd: sleep was restless (0,1)",['Sleep Difficulty'],['CESD']
311,,ELSA,r1sleepr,"r1sleepr:w1 r cesd: sleep was restless (0,1)","r1sleepr:w1 r cesd: sleep was restless (0,1)",['Sleep Difficulty'],['CESD']
312,,ELSA,r2sleepr,"r2sleepr:w2 r cesd: sleep was restless (0,1)","r2sleepr:w2 r cesd: sleep was restless (0,1)",['Sleep Difficulty'],['CESD']
313,,ELSA,r3sleepr,"r3sleepr:w3 r cesd: sleep was restless (0,1)","r3sleepr:w3 r cesd: sleep was restless (0,1)",['Sleep Difficulty'],['CESD']
314,,ELSA,s1sleepr,"s1sleepr:w1 s cesd: sleep was restless (0,1)","s1sleepr:w1 s cesd: sleep was restless (0,1)",['Sleep Difficulty'],['CESD']
315,,ELSA,s2sleepr,"s2sleepr:w2 s cesd: sleep was restless (0,1)","s2sleepr:w2 s cesd: sleep was restless (0,1)",['Sleep Difficulty'],['CESD']
316,,ELSA,s3sleepr,"s3sleepr:w3 s cesd: sleep was restless (0,1)","s3sleepr:w3 s cesd: sleep was restless (0,1)",['Sleep Difficulty'],['CESD']
318,,ELSA,r4sleepr,"r4sleepr:w4 r cesd: sleep was restless (0,1)","r4sleepr:w4 r cesd: sleep was restless (0,1)",['Sleep Difficulty'],['CESD']
319,,ELSA,s4sleepr,"s4sleepr:w4 s cesd: sleep was restless (0,1)","s4sleepr:w4 s cesd: sleep was restless (0,1)",['Sleep Difficulty'],['CESD']
320,,ELSA,r5sleepr,"r5sleepr:w5 r cesd: sleep was restless (0,1)","r5sleepr:w5 r cesd: sleep was restless (0,1)",['Sleep Difficulty'],['CESD']
321,,ELSA,s5sleepr,"s5sleepr:w5 s cesd: sleep was restless (0,1)","s5sleepr:w5 s cesd: sleep was restless (0,1)",['Sleep Difficulty'],['CESD']
323,,ELSA,r6sleepr,"r6sleepr:w6 r cesd: sleep was restless (0,1)","r6sleepr:w6 r cesd: sleep was restless (0,1)",['Sleep Difficulty'],['CESD']
324,,ELSA,s6sleepr,"s6sleepr:w6 s cesd: sleep was restless (0,1)","s6sleepr:w6 s cesd: sleep was restless (0,1)",['Sleep Difficulty'],['CESD']
335,,ELSA,shwake3,margaret vignette: difficulty in sleeping in last 30 days,margaret vignette: difficulty in sleeping in last 30 days,['Sleep Difficulty'],['No Specific Test']
336,,ELSA,pscedc,"(Much of the time during the past week), your sleep was restless?","much of the time during the past week, has your sleep been restless?",['Sleep Difficulty'],['No Specific Test']
345,,ELSA,PScedC,"(Much of the time during the past week), your sleep was restless?",whether respondent felt their sleep was restless during the past week,['Sleep Difficulty'],['No Specific Test']
491,,ELSA,ghqsleep,lost sleep over worry,lost sleep over worry,['Mental Health and Sleep'],['GHQ']
548,,ELSA,ghqsleep,ghq: lost sleep over worry,ghq: lost sleep over worry,['Mental Health and Sleep'],['GHQ']
634,,ELSA,scghqb,have you recently lost much sleep over worry?,have you recently lost much sleep over worry?,['Mental Health and Sleep'],['GHQ']
114,,ELSA,heslpc,How often in the past month did you have trouble staying asleep (including waking far too early)?,sleep: no. days trouble staying asleep in last month,"['Sleep Difficulty', 'Sleep Latency and Waking']",['No Specific Test']
301,,ELSA,nohtbc10,no height: child asleep,no height: child asleep,['Uncategorized'],['No Specific Test']
303,,ELSA,nowtbc11,no weight: child asleep,no weight: child asleep,['Uncategorized'],['No Specific Test']
403,,ELSA,heslpe,sleep: number of hours on average week night,sleep: number of hours on average week night,['Sleep Duration'],['No Specific Test']
418,,ELSA,sctsyh,what time did you go to sleep yesteday? hours,what time did you go to sleep yesteday? hours,['Sleep Onset'],['No Specific Test']
494,,ELSA,slesk,sleep been disturbed by itching or scratching,sleep been disturbed by itching or scratching,['Sleep Difficulty'],['No Specific Test']
516,,ELSA,heslpb,How often do you wake up several times in the night?,sleep: frequency wake up several times at night,['Sleep Latency and Waking'],['No Specific Test']
530,,ELSA,sctsyh,time respondent went to sleep yesterday (hours),time respondent went to sleep yesterday (hours),['Sleep Onset'],['No Specific Test']
592,,ELSA,sctsyp,what time did you go to sleep yesteday? am or pm,what time did you go to sleep yesteday? am or pm,['Sleep Onset'],['No Specific Test']
597,,ELSA,sctsym,time respondent went to sleep yesterday (minutes),time respondent went to sleep yesterday (minutes),['Sleep Onset'],['No Specific Test']
616,,ELSA,sctsym,what time did you go to sleep yesteday? minutes,what time did you go to sleep yesteday? minutes,['Sleep Onset'],['No Specific Test']
622,,ELSA,heslpd,How often do you wake up after your usual amount of sleep feeling tired and worn out?, sleep: frequency wake up feeling tired & worn out,"['Daytime Sleepiness', 'Sleep Latency and Waking', 'Sleep Quality']",['No Specific Test']
621,,ELSA,heslpd,How often do you wake up after your usual amount of sleep feeling tired and worn out?,sleep: frequency wake up feeling tired & worn out,"['Daytime Sleepiness', 'Sleep Latency and Waking', 'Sleep Quality']",['No Specific Test']
657,,ELSA,heslpx,How often do you doze off or take a nap during the morning or afternoon?,sleep: frequency doze off/nap in morning or afternoon,['Daytime Sleepiness'],['No Specific Test']
659,,ELSA,cortcar,cortisol awakening response (only if interval le 45 min),cortisol awakening response (only if interval le 45 min),['Uncategorized'],['No Specific Test']
667,,ELSA,sctsyp,time respondent went to sleep yesterday (am/pm),time respondent went to sleep yesterday (am/pm),['Sleep Duration'],['No Specific Test']
671,,ELSA,q20m,how frequently did you wake up with a full erection during the past month?,how frequently did you wake up with a full erection during the past month?,['Physical Health and Sleep'],['No Specific Test']
677,,ELSA,scsytime,derived: time respondent went to sleep yesterday - 24 hour clock,derived: time respondent went to sleep yesterday - 24 hour clock,['Sleep Onset'],['No Specific Test']
738,,ELSA,sctwum,what time did you wake up yesterday? minutes,what time did you wake up yesterday? minutes,['Sleep Latency and Waking'],['No Specific Test']
739,,ELSA,sctwuh,what time did you wake up yesterday? hours,what time did you wake up yesterday? hours,['Sleep Latency and Waking'],['No Specific Test']
740,,ELSA,sctwap,what time did you wake up yesterday? am or pm,what time did you wake up yesterday? am or pm,['Sleep Latency and Waking'],['No Specific Test']
354,,EPIC,SLEEP_TIME_FU2,"on average, how many hours do you sleep in a 24 hour period? (fu2)","on average, how many hours do you sleep in a 24 hour period? (fu2)",['Sleep Duration'],['No Specific Test']
355,,EPIC,SLEEP_TIME_FU3,"on average, how many hours do you sleep in a 24 hour period? (fu3)","on average, how many hours do you sleep in a 24 hour period? (fu3)",['Sleep Duration'],['No Specific Test']
410,,EPIC,SLEEP_PROBS_FU3,symptoms at the time of menopause: difficulty in sleeping (women only) (fu3),symptoms at the time of menopause: difficulty in sleeping (women only) (fu3),['Sleep Difficulty'],['No Specific Test']
449,,EPIC,DURSLEEPWKEND_3HC,duration of sleeping on weekend (epaq 3hc),duration of sleeping on weekend (epaq 3hc),['Sleep Duration'],['No Specific Test']
456,,EPIC,DURSLEEPWKEND_2HC,duration of sleeping on weekend (epaq 2hc),duration of sleeping on weekend (epaq 2hc),['Sleep Duration'],['No Specific Test']
511,,EPIC,INSOMNIA_FU2,insomnia requiring treatment (fu2),insomnia requiring treatment (fu2),"['Sleep Disorders', 'Sleep Medications and Aids']",['No Specific Test']
524,,EPIC,INSOMNIA_FU3,other: insomnia requiring treatment (fu3),other: insomnia requiring treatment (fu3),"['Sleep Disorders', 'Sleep Medications and Aids']",['No Specific Test']
576,,EPIC,INSOMNIA_YEAR_FU2,insomnia requiring treatment: first date (year) (fu2),insomnia requiring treatment: first date (year) (fu2),"['Sleep Disorders', 'Sleep Medications and Aids']",['No Specific Test']
629,,EPIC,INSOMNIA_1HC,self reported insomnia requiring treatment (1hc hlqs),self reported insomnia requiring treatment (1hc hlqs),"['Sleep Disorders', 'Sleep Medications and Aids']",['No Specific Test']
712,,EPIC,INSOMNIA_AGE_1HC,self-reported age first diagnosed for insomnia (requiring treatment)(1hc hlqs),self-reported age first diagnosed for insomnia (requiring treatment)(1hc hlqs),"['Sleep Disorders', 'Sleep Medications and Aids']",['No Specific Test']
341,,EPIC,SAD_SLEEP_FU4,"during the time when you felt sad or depressed for at least 2 weeks, did you: have more trouble falling asleep than you usually do, or sleeping too much? (fu4)","during the time when you felt sad or depressed for at least 2 weeks, did you: have more trouble falling asleep than you usually do, or sleeping too much? (fu4)","['Sleep Difficulty', 'Sleep Latency and Waking']",['No Specific Test']
423,,EPIC,DURSLEEP_2HC,duration of sleeping: wkendsleep*2 wkdaysleep*5; (epaq 2hc),duration of sleeping: wkendsleep*2 wkdaysleep*5; (epaq 2hc),['Sleep Duration'],['No Specific Test']
433,,EPIC,DURSLEEPWKDAY_3HC,duration of sleeping on weekday (epaq 3hc),duration of sleeping on weekday (epaq 3hc),['Sleep Duration'],['No Specific Test']
441,,EPIC,DURSLEEPWKDAY_2HC,duration of sleeping on weekday (epaq 2hc),duration of sleeping on weekday (epaq 2hc),['Sleep Duration'],['No Specific Test']
493,,EPIC,SLEEP_WELL_FU2,do you generally sleep well? (fu2),do you generally sleep well? (fu2),['Sleep Quality'],['No Specific Test']
496,,EPIC,SLEEP_WELL_FU3,do you generally sleep well? (fu3),do you generally sleep well? (fu3),['Sleep Quality'],['No Specific Test']
558,,EPIC,NAP_FU2,do you normally take a nap during the day? (fu2),do you normally take a nap during the day? (fu2),['Daytime Sleepiness'],['No Specific Test']
561,,EPIC,NAP_FU3,do you normally take a nap during the day? (fu3),do you normally take a nap during the day? (fu3),['Daytime Sleepiness'],['No Specific Test']
631,,EPIC,SLEEPTIME_HLEQ2,minutes sleep per night on average (derived from question a5e ) (hleq2),minutes sleep per night on average (derived from question a5e ) (hleq2),['Sleep Duration'],['No Specific Test']
650,,EPIC,DURSLEEP_3HC,duration of sleep after assigning median to extreme values(epaq2_3hc),duration of sleep after assigning median to extreme values(epaq2_3hc),['Sleep Duration'],['No Specific Test']
160,,GS:SFHS,b2,had difficulty in staying asleep once you are off?,had difficulty in staying asleep once you are off?,"['Sleep Difficulty', 'Sleep Latency and Waking']",['No Specific Test']
517,,GS:SFHS,b1,lost much sleep over worry?,lost much sleep over worry?,['Mental Health and Sleep'],['No Specific Test']
406,,GS:SFHS,mdqa4,...you got much less sleep than usual and found you didnt really miss it?,...you got much less sleep than usual and found you didnt really miss it?,['Uncategorized'],['No Specific Test']
253,BJD,ICICLE,PSQI_Global,pittsberg sleep quality index total,pittsberg sleep quality index total,['Sleep Quality'],['PSQI']
364,BJD,ICICLE,Nocturia,"Intense, vivid dreams or frightening dreams","nms-quest 0=symptom absent, 1=symptom present",['Sleep Disorders'],['No Specific Test']
573,BJD,ICICLE,Nocturia Duration,nms-quest symptom duration in months,nms-quest symptom duration in months,['Sleep Disorders'],['No Specific Test']
627,BJD,ICICLE,EPWORTH_SS_total,epworth sleepiness scale total,epworth sleepiness scale total,['Daytime Sleepiness'],['Epworth Sleepiness Scale']
1,U,MRC,sleepu1_v2,sleep,sleep,['Uncategorized'],['No Specific Test']
33,U,MRC,psqi14x,pittsburgh sleep quality index (psqi): total score,pittsburgh sleep quality index (psqi): total score,['Sleep Quality'],['PSQI']
89,U,MRC,psqihse14x,"During the past month, how long (in minutes) has it usually taken you to fall asleep each night?",psqi: sleep efficiency,['Sleep Quality'],['PSQI']
109,U,MRC,pssle89,How often over the last year have you had trouble getting off to sleep? ,over the last year have you had trouble getting off to sleep?,"['Sleep Difficulty', 'Sleep Latency and Waking']",['No Specific Test']
117,U,MRC,pse3582,Have you had any trouble getting off to sleep during the past month? RATE DELAYED SLEEP,trouble getting off to sleep in past month,"['Sleep Difficulty', 'Sleep Latency and Waking']",['No Specific Test']
118,U,MRC,slcna,Do you have trouble with sleep?,trouble with sleep,['Sleep Difficulty'],['No Specific Test']
121,U,MRC,psqidistb14x,psqi: sleep disturbance,psqi: sleep disturbance,"['Sleep Quality', 'Sleep Difficulty']",['PSQI']
204,U,MRC,hrssle14x,"During the past month, how many hours of actual sleep did you get at night? (This may be different than the number of hours you spent in bed)","during the past month, how many hours of actual sleep did you get at night?",['Sleep Duration'],['No Specific Test']
205,U,MRC,ktwsl62,Do you have trouble with your sleep?,kind of trouble with sleep,['Sleep Difficulty'],['No Specific Test']
210,U,MRC,slcta,Do you have trouble with your sleep? [If yes] What sort of trouble do you have?,type of trouble with sleep,['Sleep Difficulty'],['No Specific Test']
247,U,MRC,psqislpqual14x,"During the past month, how would you rate your sleep quality overall?",psqi: overall sleep quality,['Sleep Quality'],['PSQI']
263,U,MRC,slmedi14x,"During the past month, how often have you taken medicine to help you sleep (prescribed or ""over the counter"")?","during the past month, how often have you taken medicine to help you sleep?",['Sleep Medications and Aids'],['No Specific Test']
264,U,MRC,psqidurat14x,"During the past month, how many hours of actual sleep did you get at night? (This may be different than the number of hours you spent in bed)",psqi: sleep duration,['Sleep Duration'],['PSQI']
302,U,MRC,slqual14x,"During the past month, how would you rate your sleep quality overall?","during the past month, how would you rate your sleep quality overall?",['Sleep Quality'],['No Specific Test']
419,U,MRC,slcn,Do you have trouble with your sleep? [If yes] What sort of trouble do you have?,number of sleep complaints,['Sleep Difficulty'],['No Specific Test']
542,U,MRC,psqimeds14x,"During the past month, how often have you taken medicine to help you sleep (prescribed or ""over the counter"")?",psqi: needs medications to sleep,['Sleep Medications and Aids'],['PSQI']
581,U,MRC,ghq0809,Lost much sleep over worry?,ghq: lost much sleep over worry,['Mental Health and Sleep'],['GHQ']
635,U,MRC,ghq0899,have you recently lost much sleep over worry?,have you recently lost much sleep over worry?,['Mental Health and Sleep'],['GHQ']
334,U,MRC,psqilaten14x,"During the past month, how long (in minutes) has it usually taken you to fall asleep each night?",psqi: sleep latency,['Sleep Latency and Waking'],['PSQI']
343,U,MRC,sprob77,During the last month or so have you been having any trouble with your sleep? If 'yes' What sort of trouble have you had?,"types of trouble with sleep. if 2 types noted, code both, eg trouble 1 'difficulty getting to sleep' and 2 'waking up in the night' = 12","['Sleep Difficulty', 'Sleep Latency and Waking']",['No Specific Test']
391,U,MRC,slct,Do you have trouble with your sleep? [If yes] What sort of trouble do you have?,type of sleep complaints,['Sleep Difficulty'],['No Specific Test']
413,U,MRC,nig5657,"During the last year, have you or any member of your household ever had to go to this child because of his nightmares or disturbed sleep?",nightmares or disturbed sleep during past year (asked at 11 years),"['Sleep Difficulty', 'Dreams']",['No Specific Test']
420,U,MRC,pswak89,over the last year have you had trouble with waking up and not being able to get back to sleep?,over the last year have you had trouble with waking up and not being able to get back to sleep?,"['Sleep Difficulty', 'Sleep Latency and Waking']",['No Specific Test']
427,U,MRC,sldurat14x,derived sleep duration [difference between sleep and wake times] (hours),derived sleep duration [difference between sleep and wake times] (hours),['Sleep Duration'],['No Specific Test']
531,U,MRC,actstshr0610,sleep hr (beats/min) [value used for step test analysis],sleep hr (beats/min) [value used for step test analysis],['Physical Health and Sleep'],['No Specific Test']
547,U,MRC,sla6,does child sleep in room alone or with others?,does child sleep in room alone or with others?,['Sleep Environment'],['No Specific Test']
555,U,MRC,bedw71,in the winter do you usually sleep with your bedroom windows open?,in the winter do you usually sleep with your bedroom windows open?,['Sleep Environment'],['No Specific Test']
559,U,MRC,mp19,i often have ideas running through my head so that i cannot sleep,i often have ideas running through my head so that i cannot sleep,['Mental Health and Sleep'],['No Specific Test']
583,U,MRC,nig5152,"During the last year, have you or any member of your household ever had to go to this child because of his nightmares or disturbed sleep?",nightmares or disturbed sleep during past year (asked at 6 years) number of times any member of household has gone to child,"['Sleep Difficulty', 'Dreams', 'Sleep Environment']",['No Specific Test']
633,U,MRC,sla4,does child sleep in room by himself or with others?,does child sleep in room by himself or with others?,['Sleep Environment'],['No Specific Test']
638,U,MRC,actshr0610,sleep hr (beats/min),sleep hr (beats/min),['Physical Health and Sleep'],['No Specific Test']
672,U,MRC,ktws62,kind of trouble with sleep (summary code) - values 26-56 are all multiple punched but exact responses not known,kind of trouble with sleep (summary code) - values 26-56 are all multiple punched but exact responses not known,['Sleep Difficulty'],['No Specific Test']
715,U,MRC,cw1_ghq122,post-c19: ghq12- whether lost much sleep over worry,post-c19: ghq12- whether lost much sleep over worry,['Mental Health and Sleep'],['GHQ']
8,,NICOLA,CESDQ11,my sleep was restless,my sleep was restless,['Sleep Difficulty'],['CESD']
36,,NICOLA,Q83m,trouble falling or staying asleep,trouble falling or staying asleep,['Sleep Latency and Waking'],['No Specific Test']
445,,NICOLA,BH203f_hours,bh203f_hours - amount of sleep - hours :,bh203f_hours - amount of sleep - hours :,['Sleep Duration'],['No Specific Test']
512,,NICOLA,TotalMinutesSleepDaily,total minutes sleep daily,total minutes sleep daily,['Sleep Duration'],['No Specific Test']
518,,NICOLA,Q25,lost much sleep over worry,lost much sleep over worry,['Mental Health and Sleep'],['No Specific Test']
344,,NICOLA,Q54,"in the last 30 days, how much difficulty have you had with sleeping, such as falling asleep, waking up frequently during the night or waking up too early in the morning","in the last 30 days, how much difficulty have you had with sleeping, such as falling asleep, waking up frequently during the night or waking up too early in the morning","['Sleep Difficulty', 'Sleep Latency and Waking']",['No Specific Test']
457,,NICOLA,BH203e,bh203e - do you take any medication (over the counter or prescribed) to help you sleep?,bh203e - do you take any medication (over the counter or prescribed) to help you sleep?,['Sleep Medications and Aids'],['No Specific Test']
508,,NICOLA,BH203c,bh203c - how often in the past month did you have trouble staying asleep (including waking far too early)?,bh203c - how often in the past month did you have trouble staying asleep (including waking far too early)?,"['Sleep Difficulty', 'Sleep Latency and Waking']",['No Specific Test']
578,,NICOLA,BH203d,bh203d - how often in the past month did you wake up after your usual amount of sleep feeling tired and worn out?,bh203d - how often in the past month did you wake up after your usual amount of sleep feeling tired and worn out?,"['Daytime Sleepiness', 'Sleep Quality']",['No Specific Test']
588,,NICOLA,bh201,bh201 - how likely are you to doze off or fall asleep during the day?,bh201 - how likely are you to doze off or fall asleep during the day?,['Daytime Sleepiness'],['No Specific Test']
589,,NICOLA,bh203,bh203 - how often in the past month have you had trouble with waking up too early and not being able to fall asleep again?,bh203 - how often in the past month have you had trouble with waking up too early and not being able to fall asleep again?,"['Sleep Difficulty', 'Sleep Latency and Waking']",['No Specific Test']
611,,NICOLA,BH203f_minutes,bh203f_minutes - amount of sleep - minutes :,bh203f_minutes - amount of sleep - minutes :,['Sleep Duration'],['No Specific Test']
632,,NICOLA,PH308,ph308 - does your arthritis make it difficult for you to sleep at night?,ph308 - does your arthritis make it difficult for you to sleep at night?,['Physical Health and Sleep'],['No Specific Test']
742,,NICOLA,BH203b,bh203b - how often in the past month did you wake up several times per night?,bh203b - how often in the past month did you wake up several times per night?,"['Sleep Duration', 'Sleep Latency and Waking']",['No Specific Test']
63,,NIMROD,Disturbed sleep,Sleep is disturbed at night.,disturbed sleep,['Sleep Difficulty'],['No Specific Test']
81,,NIMROD,Day sleep,Sleeps more by day than before (cat naps etc.),day sleep,['Daytime Sleepiness'],['No Specific Test']
587,,SMC,X17SleepDis,x17sleepdis,x17sleepdis,['Uncategorized'],['No Specific Test']
159,,Whitehall,ZSYMP11,q17k difficulty sleeping last 14 days? (s2),q17k difficulty sleeping last 14 days? (s2),['Sleep Difficulty'],['No Specific Test']
161,,Whitehall,SYMP11,q19k difficulty sleeping in last 14 days (s1),q19k difficulty sleeping in last 14 days (s1),['Sleep Difficulty'],['No Specific Test']
163,,Whitehall,XSYMP11,q15k difficulty sleeping in last 14 dys? (s3),q15k difficulty sleeping in last 14 dys? (s3),['Sleep Difficulty'],['No Specific Test']
164,,Whitehall,MSYMP11,q74k difficulty sleeping in last 2 wks (s7),q74k difficulty sleeping in last 2 wks (s7),['Sleep Difficulty'],['No Specific Test']
267,,Whitehall,MSYMSLP,q79d do you experience sleep disturbance (s7),q79d do you experience sleep disturbance (s7),['Sleep Difficulty'],['No Specific Test']
268,,Whitehall,KSLPDIST,q73e last mth- disturbed sleep (s8),q73e last mth- disturbed sleep (s8),['Sleep Difficulty'],['No Specific Test']
269,,Whitehall,MSLPDIST,q73e disturbed/restless sleep in last 4 wks (s7),q73e disturbed/restless sleep in last 4 wks (s7),['Sleep Difficulty'],['No Specific Test']
306,,Whitehall,MSLPFALL,q73a trouble falling asleep in last 4 wks (s7),q73a trouble falling asleep in last 4 wks (s7),"['Sleep Difficulty', 'Sleep Latency and Waking']",['No Specific Test']
317,,Whitehall,KSLPFALL,q73a last mth- trouble falling asleep (s,q73a last mth- trouble falling asleep (s,"['Sleep Difficulty', 'Sleep Latency and Waking']",['No Specific Test']
326,,Whitehall,JSLPFALL,q56a last mth- trouble falling asleep (s,q56a last mth- trouble falling asleep (s,"['Sleep Difficulty', 'Sleep Latency and Waking']",['No Specific Test']
346,,Whitehall,TSLPFALL,q2.64a trouble falling asleep (s5),q2.64a trouble falling asleep (s5),"['Sleep Difficulty', 'Sleep Latency and Waking']",['No Specific Test']
425,,Whitehall,JSLBRPAU,q61 breathing pauses during sleep (s9),q61 breathing pauses during sleep (s9),['Sleep Disorders'],['No Specific Test']
437,,Whitehall,XWKSLEEP,how many hours sleep do you have on an average week night?,q73c hours/day sleep (s3),['Sleep Duration'],['No Specific Test']
503,,Whitehall,ZGHQ02,q54 recent lost much sleep? (s2),q54 recent lost much sleep? (s2),['Sleep Difficulty'],['GHQ']
513,,Whitehall,JGHQ02,q25 lost sleep by worry (s9),q25 lost sleep by worry (s9),"['Sleep Difficulty', 'Mental Health and Sleep']",['GHQ']
525,,Whitehall,KGHQ02,q42 lost sleep by worry (s8),q42 lost sleep by worry (s8),"['Sleep Difficulty', 'Mental Health and Sleep']",['GHQ']
528,,Whitehall,KSLEEP,how many hours sleep do you have on an average week night?,q72 hours sleep on avg wk-night (s8),['Sleep Duration'],['No Specific Test']
538,,Whitehall,JSLEEP,how many hours sleep do you have on an average week night?,q55 hours sleep on avg wk-night (s9),['Sleep Duration'],['No Specific Test']
549,,Whitehall,FGHQ02,q23 lost sleep by worry (s11),q23 lost sleep by worry (s11),"['Sleep Difficulty', 'Mental Health and Sleep']",['GHQ']
551,,Whitehall,DGHQ02,q23 lost sleep by worry (s12),q23 lost sleep by worry (s12),"['Sleep Difficulty', 'Mental Health and Sleep']",['GHQ']
550,,Whitehall,DSLEEP,q56 hours sleep on avg wk-night (s12),q56 hours sleep on avg wk-night (s12),['Sleep Duration'],['No Specific Test']
560,,Whitehall,FSLEEP,q55 hours sleep on avg wk-night (s11),q55 hours sleep on avg wk-night (s11),['Sleep Duration'],['No Specific Test']
577,,Whitehall,GHQ02,q81 recently lost much sleep (s1),q81 recently lost much sleep (s1),['Sleep Difficulty'],['GHQ']
582,,Whitehall,XGHQ02,q88 recently lost much sleep? (s3),q88 recently lost much sleep? (s3),['Sleep Difficulty'],['GHQ']
595,,Whitehall,QGHQ02,q23 recently lost sleep by worry (s6),q23 recently lost sleep by worry (s6),"['Sleep Difficulty', 'Mental Health and Sleep']",['GHQ']
636,,Whitehall,MGHQ02,q42 recently lost sleep due to worry (s7),q42 recently lost sleep due to worry (s7),"['Sleep Difficulty', 'Mental Health and Sleep']",['GHQ']
658,,Whitehall,TGHQ02,q2.34 recently lost sleep by worry (s5),q2.34 recently lost sleep by worry (s5),"['Sleep Difficulty', 'Mental Health and Sleep']",['GHQ']
299,,Whitehall,JSLPDIST,q56e last mth- disturbed sleep (s9),q56e last mth- disturbed sleep (s9),['Sleep Difficulty'],['No Specific Test']
325,,Whitehall,FSLPDIST,q56e last mth- disturbed sleep (s11),q56e last mth- disturbed sleep (s11),['Sleep Difficulty'],['No Specific Test']
327,,Whitehall,DSLPDIST,q57e last mth- disturbed sleep (s12),q57e last mth- disturbed sleep (s12),['Sleep Difficulty'],['No Specific Test']
337,,Whitehall,VSYMSLP,q26d suffer menop sleep disturbance? (s4),q26d suffer menop sleep disturbance? (s4),"['Sleep Difficulty', 'Physical Health and Sleep']",['No Specific Test']
339,,Whitehall,DSLPFALL,q57a last mth- trouble falling asleep (s12),q57a last mth- trouble falling asleep (s12),"['Sleep Difficulty', 'Sleep Latency and Waking']",['No Specific Test']
340,,Whitehall,XSYMSLP,q29d suffer menop sleep disturbance? (s3),q29d suffer menop sleep disturbance? (s3),"['Sleep Difficulty', 'Physical Health and Sleep']",['No Specific Test']
342,,Whitehall,FSLPFALL,q56a last mth- trouble falling asleep (s11),q56a last mth- trouble falling asleep (s11),"['Sleep Difficulty', 'Sleep Latency and Waking']",['No Specific Test']
396,,Whitehall,SLEEP,how many hours sleep do you have on an average week night?,q31 hours of sleep on average week night (s1),['Sleep Duration'],['No Specific Test']
407,,Whitehall,MSLPSTAY,q73c cannot stay asleep in last 4 wks (s7),q73c cannot stay asleep in last 4 wks (s7),"['Sleep Difficulty', 'Sleep Latency and Waking']",['No Specific Test']
412,,Whitehall,FSLPNAP,q57a sleep- nap during day (s11),q57a sleep- nap during day (s11),['Daytime Sleepiness'],['No Specific Test']
414,,Whitehall,DSLPNAP,q58a sleep- nap during day (s12),q58a sleep- nap during day (s12),['Daytime Sleepiness'],['No Specific Test']
415,,Whitehall,KSLPSTAY,q73c last mth- cannot stay asleep (s8),q73c last mth- cannot stay asleep (s8),"['Sleep Difficulty', 'Sleep Latency and Waking']",['No Specific Test']
416,,Whitehall,TSYMSLP,q3.8d menopausal sleep disturb (s5),q3.8d menopausal sleep disturb (s5),"['Sleep Difficulty', 'Physical Health and Sleep']",['No Specific Test']
422,,Whitehall,JSLPSTAY,q56c last mth- cannot stay asleep (s9),q56c last mth- cannot stay asleep (s9),"['Sleep Difficulty', 'Sleep Latency and Waking']",['No Specific Test']
424,,Whitehall,SYMSLP,q36d suffer menopausal sleep disturbance (s1),q36d suffer menopausal sleep disturbance (s1),"['Sleep Difficulty', 'Physical Health and Sleep']",['No Specific Test']
432,,Whitehall,TSLPSTAY,q2.64c cannot stay asleep (s5),q2.64c cannot stay asleep (s5),"['Sleep Difficulty', 'Sleep Latency and Waking']",['No Specific Test']
450,,Whitehall,DSLPSTAY,q57c last mth- cannot stay asleep (s12),q57c last mth- cannot stay asleep (s12),"['Sleep Difficulty', 'Sleep Latency and Waking']",['No Specific Test']
453,,Whitehall,FSLPSTAY,q56c last mth- cannot stay asleep (s11),q56c last mth- cannot stay asleep (s11),"['Sleep Difficulty', 'Sleep Latency and Waking']",['No Specific Test']
454,,Whitehall,JSLDRIVE,q64 fallen asleep whilst driving (s9),q64 fallen asleep whilst driving (s9),['Daytime Sleepiness'],['No Specific Test']
521,,Whitehall,JSNORHOW,q58 snoring description (s9),q58 snoring description (s9),['Sleep Disorders'],['No Specific Test']
539,,Whitehall,FSLPNAPL,q57c sleep - length of nap during day (s11),q57c sleep - length of nap during day (s11),"['Sleep Duration', 'Daytime Sleepiness']",['No Specific Test']
541,,Whitehall,DSLPNAPL,q58c sleep - length of nap during day (s12),q58c sleep - length of nap during day (s12),"['Sleep Duration', 'Daytime Sleepiness']",['No Specific Test']
544,,Whitehall,MSLEEP,q72 week-night average hours of sleep (s7),q72 week-night average hours of sleep (s7),['Sleep Duration'],['No Specific Test']
579,,Whitehall,FSLPNAPF,q57b sleep - frecuency nap during day (s11),q57b sleep - frecuency nap during day (s11),['Daytime Sleepiness'],['No Specific Test']
580,,Whitehall,DSLPNAPF,q58b sleep - frecuency nap during day (s12),q58b sleep - frecuency nap during day (s12),['Daytime Sleepiness'],['No Specific Test']
661,,Whitehall,FALCINC4,q73b increased alc: get to sleep (s11),q73b increased alc: get to sleep (s11),"['Sleep Medications and Aids', 'Alcohol Related']",['No Specific Test']
662,,Whitehall,JDPN11,q101k cesd q11- sleep (s9),q101k cesd q11- sleep (s9),['Uncategorized'],['CESD']
668,,Whitehall,TSLEEP,how many hours sleep do you have on an average week night?,q2.63 hrs sleep on avg week night (s5),['Sleep Duration'],['No Specific Test']
743,,Whitehall,MSLPWAKS,q73b wake up several times in last 4 wks (s7),q73b wake up several times in last 4 wks (s7),"['Sleep Quality', 'Sleep Latency and Waking']",['No Specific Test']
744,,Whitehall,KSLPWAKS,q73b last mth- wake several times (s8),q73b last mth- wake several times (s8),"['Sleep Quality', 'Sleep Latency and Waking']",['No Specific Test']
745,,Whitehall,JSLPWAKS,q56b last mth- wake several times (s9),q56b last mth- wake several times (s9),"['Sleep Quality', 'Sleep Latency and Waking']",['No Specific Test']
746,,Whitehall,TSLPWAKS,q2.64b wake several times (s5),q2.64b wake several times (s5),"['Sleep Quality', 'Sleep Latency and Waking']",['No Specific Test']
747,,Whitehall,DSLPWAKS,q57b last mth- wake several times (s12),q57b last mth- wake several times (s12),"['Sleep Quality', 'Sleep Latency and Waking']",['No Specific Test']
748,,Whitehall,MSLPWAKT,q73d wake as usual but tired in last 4 wks (s7),q73d wake as usual but tired in last 4 wks (s7),"['Daytime Sleepiness', 'Sleep Quality']",['No Specific Test']
749,,Whitehall,FSLPWAKS,q56b last mth- wake several times (s11),q56b last mth- wake several times (s11),"['Sleep Quality', 'Sleep Latency and Waking']",['No Specific Test']
750,,Whitehall,KSLPWAKT,q73d last mth- wake as usual but tired (s8),q73d last mth- wake as usual but tired (s8),"['Daytime Sleepiness', 'Sleep Quality']",['No Specific Test']
751,,Whitehall,JSLPWAKT,q56d last mth- wake as usual but tired (,q56d last mth- wake as usual but tired (,"['Daytime Sleepiness', 'Sleep Quality']",['No Specific Test']
752,,Whitehall,FSLPWAKT,q56d last mth- wake as usual but tired (s11),q56d last mth- wake as usual but tired (s11),"['Daytime Sleepiness', 'Sleep Quality']",['No Specific Test']
753,,Whitehall,DSLPWAKT,q57d last mth- wake as usual but tired (s12),q57d last mth- wake as usual but tired (s12),"['Daytime Sleepiness', 'Sleep Quality']",['No Specific Test']
754,,Whitehall,TSLPWAKT,q2.64d wake as usual but tired (s5),q2.64d wake as usual but tired (s5),"['Daytime Sleepiness', 'Sleep Quality']",['No Specific Test']
