"","Cohort","Full_Description","Consensus.Category","Test.Categories","cluster"
"1","Airwave","How often have you been bothered by any of the following problems over the last two weeks - trouble falling or staying asleep or sleeping too much","Sleep Difficulty","['No Specific Test']","5"
"2","Airwave","How often have you been bothered by any of the following problems over the last two weeks - trouble falling or staying asleep or sleeping too much","Sleep Latency and Waking","['No Specific Test']","5"
"3","Airwave","How much sleep do you usually get over a 24 hour period","Sleep Duration","['No Specific Test']","5"
"4","Airwave","Think about the most recent or disturbing work related incident you have dealt with since the last screen. If you have experienced any of the (listed) reactions at least twice in the last week please tell us about it - difficulty falling or staying asleep","Sleep Difficulty","['No Specific Test']","5"
"5","Airwave","Think about the most recent or disturbing work related incident you have dealt with since the last screen. If you have experienced any of the (listed) reactions at least twice in the last week please tell us about it - difficulty falling or staying asleep","Mental Health and Sleep","['No Specific Test']","5"
"6","Airwave","Think about the most recent or disturbing work related incident you have dealt with since the last screen. If you have experienced any of the (listed) reactions at least twice in the last week please tell us about it - difficulty falling or staying asleep","Sleep Latency and Waking","['No Specific Test']","5"
"7","Airwave","Think about the most recent or disturbing work related incident you have dealt with since the last screen. If you have experienced any of the (listed) reactions at least twice in the last week please tell us about it - Upsetting dreams about the event","Dreams","['No Specific Test']","5"
"8","AMPLE","sleep disorders - insomnia","Sleep Disorders","['No Specific Test']","1"
"9","AMPLE","excessive daytime sleepiness ever","Daytime Sleepiness","['No Specific Test']","1"
"10","AMPLE","sleep disorders - excessive daytime sleepiness","Daytime Sleepiness","['No Specific Test']","1"
"11","AMPLE","sleep disorders - excessive daytime sleepiness","Sleep Disorders","['No Specific Test']","1"
"12","AMPLE","duration of excessive daytime sleepiness in months","Daytime Sleepiness","['No Specific Test']","1"
"13","AMPLE","insomnia ever","Sleep Disorders","['No Specific Test']","2"
"14","AMPLE","sleep disorders - involuntary movements of arms and legs","Sleep Disorders","['No Specific Test']","1"
"15","AMPLE","sleep disorders - troubled by nightmares","Dreams","['No Specific Test']","1"
"16","AMPLE","sleep disorders - troubled by nightmares","Sleep Disorders","['No Specific Test']","1"
"17","AMPLE","nightmares ever","Dreams","['No Specific Test']","2"
"18","AMPLE","duration of insomnia in months","Sleep Disorders","['No Specific Test']","1"
"19","AMPLE","nightmares comments","Dreams","['No Specific Test']","2"
"20","AMPLE","npi total number sleep","Sleep Quality","['NPI']","1"
"21","AMPLE","npi total (axb) sleep","Sleep Quality","['NPI']","1"
"22","AMPLE","troubled by vivid dreams?","Sleep Quality","['No Specific Test']","2"
"23","AMPLE","hypnotic prescribed?","Sleep Medications and Aids","['No Specific Test']","3"
"24","AMPLE","duration of nightmares in months","Dreams","['No Specific Test']","1"
"25","AMPLE","troubled by nightmares","Sleep Difficulty","['No Specific Test']","2"
"26","AMPLE","troubled by nightmares","Dreams","['No Specific Test']","2"
"27","AMPLE","hypnotic dose/comments","Sleep Medications and Aids","['No Specific Test']","3"
"28","AMPLE","vivid dreams comments","Dreams","['No Specific Test']","2"
"29","AMPLE","dcfs how much of the day does the patient sleep","Daytime Sleepiness","['No Specific Test']","5"
"30","AMPLE","sleep disorders - cried out during sleep","Sleep Disorders","['No Specific Test']","1"
"31","AMPLE","cried out during sleep?","Sleep Disorders","['No Specific Test']","2"
"32","AMPLE","npi sleep","Sleep Quality","['NPI']","3"
"33","AMPLE","sleep disorders - restless legs syndrome","Sleep Disorders","['No Specific Test']","1"
"34","AMPLE","sleep disorders - acting out dreams","Dreams","['No Specific Test']","1"
"35","AMPLE","sleep disorders - acting out dreams","Sleep Disorders","['No Specific Test']","1"
"36","AMPLE","duration of cried out during sleep in months","Sleep Disorders","['No Specific Test']","1"
"37","AMPLE","npi frequency of sleep","Sleep Quality","['NPI']","1"
"38","AMPLE","sleep disorders - troubled by vivid dreams","Sleep Difficulty","['No Specific Test']","1"
"39","AMPLE","sleep disorders - troubled by vivid dreams","Dreams","['No Specific Test']","1"
"40","AMPLE","sleep disorders - troubled by vivid dreams","Sleep Disorders","['No Specific Test']","1"
"41","AMPLE","npi distress sleep","Mental Health and Sleep","['NPI']","1"
"42","AMPLE","duration of increased sleepiness in months","Daytime Sleepiness","['No Specific Test']","1"
"43","AMPLE","npi severity of sleep","Sleep Difficulty","['NPI']","1"
"44","AMPLE","sleep disorders - transient loss of consciousness","Sleep Disorders","['No Specific Test']","1"
"45","AMPLE","acting out dreams ever","Dreams","['No Specific Test']","0"
"46","AMPLE","vivid dreams ever","Dreams","['No Specific Test']","2"
"47","AMPLE","reactions to new medications - increased sleepiness","Sleep Medications and Aids","['No Specific Test']","1"
"48","AMPLE","acting out dreams comments","Dreams","['No Specific Test']","2"
"49","AMPLE","duration of acting out dreams in months","Dreams","['No Specific Test']","1"
"50","AMPLE","duration of vivid dreams in months","Dreams","['No Specific Test']","1"
"51","BRACE","a024 sleep problems - 1=absent, 2=present,","Sleep Difficulty","['No Specific Test']","4"
"52","CamCAN","during the past month, how often have you had trouble sleeping because you:- had bad dreams","Sleep Difficulty","['No Specific Test']","5"
"53","CamCAN","during the past month, how often have you had trouble sleeping because you:- had bad dreams","Dreams","['No Specific Test']","5"
"54","CamCAN","during the past month, how often have you had trouble sleeping because you:- cannot breathe comfortably","Sleep Difficulty","['No Specific Test']","5"
"55","CamCAN","during the past month, how often have you had trouble sleeping because you:- cannot breathe comfortably","Sleep Environment","['No Specific Test']","5"
"56","CamCAN","during the past month, how often have you had trouble sleeping because you:- cannot get to sleep within 30 minutes","Sleep Difficulty","['No Specific Test']","5"
"57","CamCAN","during the past month, how often have you had trouble sleeping because you:- cannot get to sleep within 30 minutes","Sleep Latency and Waking","['No Specific Test']","5"
"58","CamCAN","during the past month, how often have you had trouble sleeping because you:- cough or snore loudly","Sleep Difficulty","['No Specific Test']","5"
"59","CamCAN","during the past month, how often have you had trouble sleeping because you:- wake up in the middle of the night or early morning","Sleep Difficulty","['No Specific Test']","5"
"60","CamCAN","during the past month, how often have you had trouble sleeping because you:- wake up in the middle of the night or early morning","Sleep Latency and Waking","['No Specific Test']","5"
"61","CamCAN","during the past month, how often have you had trouble sleeping because you:- have pain","Sleep Difficulty","['No Specific Test']","5"
"62","CamCAN","during the past month, how often have you had trouble sleeping because you:- have pain","Physical Health and Sleep","['No Specific Test']","5"
"63","CamCAN","during the past month, how often have you had trouble sleeping because you:- have to get up to use the bathroom","Sleep Difficulty","['No Specific Test']","5"
"64","CamCAN","during the past month, how often have you had trouble sleeping because you:- feel too cold","Sleep Difficulty","['No Specific Test']","5"
"65","CamCAN","during the past month, how often have you had trouble sleeping because you:- feel too cold","Sleep Environment","['No Specific Test']","5"
"66","CamCAN","during the past month, how often have you had trouble sleeping because you:- feel too hot","Sleep Difficulty","['No Specific Test']","5"
"67","CamCAN","during the past month, how often have you had trouble sleeping because you:- feel too hot","Sleep Environment","['No Specific Test']","5"
"68","CamCAN","during the past month, how often have you had trouble sleeping because you:- any other reasons, and if so how often?","Sleep Difficulty","['No Specific Test']","5"
"69","CamCAN","during the past month how would you rate your sleep quality overall?","Sleep Quality","['No Specific Test']","5"
"70","CamCAN","during the past month, how many hours of actual sleep did you get at night? (this may be different than the number of hours you spend in bed)","Sleep Duration","['No Specific Test']","5"
"71","CamCAN","during the past month, how often have you taken medicine (prescribed or over the counter) to help you sleep?","Sleep Medications and Aids","['No Specific Test']","5"
"72","CamCAN","average daily sleep time (hours) during the week","Sleep Duration","['No Specific Test']","1"
"73","CamCAN","during the past month, how often have you had trouble staying awake while driving, eating meals, or engaging in social activity?","Daytime Sleepiness","['No Specific Test']","5"
"74","CamCAN","during the past month, how long (in minutes) has it usually taken you to fall asleep each night?","Sleep Latency and Waking","['No Specific Test']","5"
"75","CamCAN","average daily sleep time (hours) during the weekend","Sleep Duration","['No Specific Test']","1"
"76","CamCAN","time spent sedentary, excluding sleep [hrs/d]","Uncategorized","['No Specific Test']","2"
"77","CamPaIGN","How likely are you to doze off or fall asleep in the following situations?","Daytime Sleepiness","['Epworth Sleepiness Scale']","5"
"78","CaPS","[c5 ca personality] sleep pattern disturbance ","Sleep Difficulty","['No Specific Test']","1"
"79","CaPS","[c3 sleep disturbance q16] do you take sleeping tables? ","Sleep Difficulty","['No Specific Test']","5"
"80","CaPS","[c3 sleep disturbance q16] do you take sleeping tables? ","Sleep Medications and Aids","['No Specific Test']","5"
"81","CaPS","[c3 sleep disturbance q11b] wake up during the night and have a hard time getting back to sleep? ","Sleep Difficulty","['No Specific Test']","0"
"82","CaPS","[c3 sleep disturbance q11b] wake up during the night and have a hard time getting back to sleep? ","Sleep Latency and Waking","['No Specific Test']","0"
"83","CaPS","[c3 sleep disturbance q11d] not feel rested during the day, no matter how many hours of sleep you had? ","Sleep Quality","['No Specific Test']","5"
"84","CaPS","[c3 sleep disturbance q11d] not feel rested during the day, no matter how many hours of sleep you had? ","Daytime Sleepiness","['No Specific Test']","5"
"85","CaPS","[c1 clinic interview q23c4c] personality: are you: have trouble sleeping or falling asleep ","Sleep Difficulty","['No Specific Test']","5"
"86","CaPS","[c1 clinic interview q23c4c] personality: are you: have trouble sleeping or falling asleep ","Sleep Latency and Waking","['No Specific Test']","5"
"87","CaPS","[c3 sleep disturbance q11e] restless legs or borthersome twiches? ","Sleep Difficulty","['No Specific Test']","3"
"88","CaPS","[c3 sleep disturbance q11e] restless legs or borthersome twiches? ","Sleep Disorders","['No Specific Test']","3"
"89","CaPS","[c3 general health q3] have you recently been having restless disturbed nights? ","Sleep Difficulty","['No Specific Test']","5"
"90","CaPS","[c2 home & work environment q21] how many months a year do you sleep with your bedroom window open? ","Sleep Environment","['No Specific Test']","5"
"91","CaPS","[c2 home & work environment q29] does traffic noise wake you up? ","Sleep Environment","['No Specific Test']","5"
"92","CaPS","[c2 home & work environment q29] does traffic noise wake you up? ","Sleep Latency and Waking","['No Specific Test']","5"
"93","CaPS","[c3 general health q8] have you recently been satisfied with the way youve carried out your task? ","Uncategorized","['No Specific Test']","5"
"94","CaPS","[c2 home & work environment q28] does traffic noise make it difficult for you to fall asleep? ","Sleep Environment","['No Specific Test']","5"
"95","CaPS","[c2 home & work environment q28] does traffic noise make it difficult for you to fall asleep? ","Sleep Latency and Waking","['No Specific Test']","5"
"96","CaPS","[c3 sleep disturbance q1] today, do you feel? ","Uncategorized","['No Specific Test']","5"
"97","CaPS","[c3 sleep disturbance] the card number in this case 9","Uncategorized","['No Specific Test']","3"
"98","CaPS","[c3 sleep disturbance] the file number as recorded on card 9","Uncategorized","['No Specific Test']","3"
"99","CaPS","[c3 sleep disturbance q2] have you ever been told you snore? ","Sleep Disorders","['No Specific Test']","5"
"100","CaPS","[c3 sleep disturbance q11a] difficulty in getting to sleep? ","Sleep Difficulty","['No Specific Test']","1"
"101","CaPS","[c3 sleep disturbance q11a] difficulty in getting to sleep? "," Sleep Latency and Waking","['No Specific Test']","1"
"102","CaPS","[c3 sleep disturbance q4] how loud have others said your snoring is? ","Sleep Difficulty","['No Specific Test']","5"
"103","CaPS","[c3 sleep disturbance q4] how loud have others said your snoring is? ","Sleep Environment","['No Specific Test']","5"
"104","CaPS","[c3 sleep disturbance q11f] feelings of excessive sleepiness during the day? ","Daytime Sleepiness","['No Specific Test']","1"
"105","CaPS","[c3 sleep disturbance q13a] how many hours of sleep do you usually get in a workday night?","Sleep Duration","['No Specific Test']","5"
"106","CaPS","[c3 sleep disturbance q14] how often do you take a nap during the day or early evening? ","Daytime Sleepiness","['No Specific Test']","5"
"107","CaPS","[c3 sleep disturbance q11c] wake up repeatly during the night? ","Sleep Difficulty","['No Specific Test']","0"
"108","CaPS","[c3 sleep disturbance q11c] wake up repeatly during the night? ","Sleep Latency and Waking","['No Specific Test']","0"
"109","CaPS","[c3 sleep disturbance q13b] how many hours of sleep do you usually get in a weekend or non-work night?","Sleep Duration","['No Specific Test']","5"
"110","CaPS","[c3 sleep disturbance q10] do you kick or make other disruptive movements during sleep? ","Sleep Disorders","['No Specific Test']","5"
"111","CaPS","[c3 sleep disturbance q3] according to others, please estimate how often you snore? ","Sleep Disorders","['No Specific Test']","5"
"112","CaPS","[c3 sleep disturbance] the unique number allocated to each subject in the study as recorded on card 9","Uncategorized","['No Specific Test']","3"
"113","CaPS","[c3 sleep disturbance q9] how often do you seem to have momentary periods in your sleep when you breath abnormally? ","Sleep Disorders","['No Specific Test']","5"
"114","CaPS","[c3 sleep disturbance q7] according to others how often do you gasp, choke or make snorting sounds during sleep? ","Sleep Disorders","['No Specific Test']","5"
"115","CaPS","[c3 sleep disturbance q12] approximately how many minutes does it usually take you to fall asleep at night?","Sleep Latency and Waking","['No Specific Test']","5"
"116","CaPS","[c1 clinic interview q23c2g] personality: are you: do you have great difficulty in falling or staying asleep? ","Sleep Difficulty","['No Specific Test']","5"
"117","CaPS","[c1 clinic interview q23c2g] personality: are you: do you have great difficulty in falling or staying asleep? ","Sleep Latency and Waking","['No Specific Test']","5"
"118","CaPS","[c3 sleep disturbance] date of birth of the subject in format dd/mm/yyyy from card 9","Uncategorized","['No Specific Test']","4"
"119","CaPS","[c3 sleep disturbance q5] based on what others have told you, for about how many years do you think you have snored?","Sleep Disorders","['No Specific Test']","5"
"120","CaPS","[c3 sleep disturbance] original text version of date of birth of the subject in format ddmmyy from card 9","Uncategorized","['No Specific Test']","4"
"121","CaPS","[c3 sleep disturbance q11g] nasal congestion, obstruction, or discharge at night? ","Physical Health and Sleep","['No Specific Test']","1"
"122","CaPS","[c3 sleep disturbance q15] do you have any allergies like hay fever that cause congestion? ","Physical Health and Sleep","['No Specific Test']","5"
"123","CaPS","[c3 sleep disturbance q11i] need for coffee or other stimulants to stay awake during the day? ","Daytime Sleepiness","['No Specific Test']","1"
"124","CaPS","[c5 self completion quest q45] how often do you kick or make other disruptive movements during sleep? ","Sleep Disorders","['No Specific Test']","5"
"125","CaPS","[c3 sleep disturbance q11h] fall asleep or doze momentarily: watching tv, reading, in meetings etc? ","Daytime Sleepiness","['No Specific Test']","0"
"126","CaPS","[c3 sleep disturbance q6] how often(if ever) have you had the feeling or awareness that you have been snoring? ","Sleep Disorders","['No Specific Test']","5"
"127","CaPS","[c3 sleep disturbance q8] how often have you wakened suddenly with the feeling of gasping or choking? ","Sleep Disorders","['No Specific Test']","5"
"128","CaPS","[c3 sleep disturbance q8] how often have you wakened suddenly with the feeling of gasping or choking? ","Sleep Latency and Waking","['No Specific Test']","5"
"129","CaPS","[c5 self completion quest q47] how many hours of sleep do you usually get each night?","Sleep Duration","['No Specific Test']","5"
"130","CaPS","[c2 psychosocial quest noise q2] i am easily awakened by noise ","Sleep Environment","['No Specific Test']","3"
"131","CaPS","[c2 psychosocial quest noise q2] i am easily awakened by noise ","Sleep Latency and Waking","['No Specific Test']","3"
"132","CaPS","[c5 self completion quest q42] how often do you gasp or choke during sleep? ","Sleep Disorders","['No Specific Test']","5"
"133","CaPS","[c5 self completion quest q39] how loud is your snoring? ","Sleep Disorders","['No Specific Test']","5"
"134","CaPS","[c3 general health q22] have you recently been feeling unhappy and depressed? ","Uncategorized","['No Specific Test']","5"
"135","CaPS","[c5 self completion quest q50] do you take sleeping tablets? ","Sleep Medications and Aids","['No Specific Test']","5"
"136","CaPS","[c2 psychosocial quest noise q9] i get angry with people who make noise that keeps me awake or doing work ","Sleep Environment","['No Specific Test']","0"
"137","CaPS","[c2 psychosocial quest noise q9] i get angry with people who make noise that keeps me awake or doing work ","Sleep Latency and Waking","['No Specific Test']","0"
"138","CaPS","[c5 self completion quest q44] how often do you have momentary periods during sleep when you stop breathing or breath abnormally? ","Sleep Disorders","['No Specific Test']","5"
"139","CaPS","[c2 general health q2] have you recently lost much sleep over worry? ","Mental Health and Sleep","['No Specific Test']","5"
"140","CaPS","[c5 self completion quest q51f] how likely are you to fall asleep sitting talking to someone? ","Sleep Latency and Waking","['No Specific Test']","5"
"141","CaPS","[c5 self completion quest q51f] how likely are you to fall asleep sitting talking to someone? ","Daytime Sleepiness","['No Specific Test']","5"
"142","CaPS","[c5 self completion quest q46] approximately how many minutes does it usually take you to fall asleep?","Sleep Latency and Waking","['No Specific Test']","5"
"143","CaPS","[c5 self completion quest q41] how often have you had the feeling of awareness that you have been snoring? ","Sleep Disorders","['No Specific Test']","5"
"144","CaPS","[c5 self completion quest q51g] how likely are you to fall asleep sitting quietly after lunch without alcohol? ","Daytime Sleepiness","['No Specific Test']","5"
"145","CaPS","[c3 lifestyle quest q11c] does traffic noise ever wake you up? ","Sleep Environment","['No Specific Test']","5"
"146","CaPS","[c3 lifestyle quest q11c] does traffic noise ever wake you up? ","Sleep Latency and Waking","['No Specific Test']","5"
"147","CaPS","[c3 general health q5] have you recently been getting out of the house as much as usual? ","Uncategorized","['No Specific Test']","5"
"148","CaPS","[c5 self completion quest q51b] how likely are you to fall asleep watching tv? ","Daytime Sleepiness","['No Specific Test']","5"
"149","CaPS","[c5 self completion quest q51a] how likely are you to fall asleep sitting and reading? ","Daytime Sleepiness","['No Specific Test']","5"
"150","CaPS","[c5 self completion quest q51d] how likely are you to fall asleep as a passenger in a car? ","Daytime Sleepiness","['No Specific Test']","5"
"151","CaPS","[c5 self completion quest q51d] how likely are you to fall asleep as a passenger in a car? ","Sleep Environment","['No Specific Test']","5"
"152","CaPS","[c5 self completion quest q51c] how likely are you to fall asleep in a theatre or meeting? ","Daytime Sleepiness","['No Specific Test']","5"
"153","CaPS","[c5 self completion quest q51c] how likely are you to fall asleep in a theatre or meeting? ","Sleep Environment","['No Specific Test']","5"
"154","CaPS","[c5 self completion quest q51h] how likely are you to fall asleep in a car stopped at traffic lights? ","Daytime Sleepiness","['No Specific Test']","5"
"155","CaPS","[c5 self completion quest q51h] how likely are you to fall asleep in a car stopped at traffic lights? ","Sleep Environment","['No Specific Test']","5"
"156","CaPS","[c5 self completion quest q51e] how likely are you to fall asleep lying down to rest in the afternoon? ","Daytime Sleepiness","['No Specific Test']","5"
"157","CaPS","[c3 general health q1] have you recently been able to concentrate on whatever youre doing? ","Uncategorized","['No Specific Test']","5"
"158","CFAS","Does s/he have difficulty in getting to sleep?","Sleep Difficulty","['No Specific Test']","5"
"159","CFAS","Trouble sleeping recently?","Sleep Difficulty","['No Specific Test']","2"
"160","CFAS","Have you had any trouble sleeping recently?","Sleep Difficulty","['No Specific Test']","5"
"161","CFAS","Is that a problem now? (If YES: How bad is it?)","Sleep Difficulty","['No Specific Test']","5"
"162","CFAS","Did s/he have difficulty sleeping at the start? (If YES: How bad was that)","Sleep Difficulty","['No Specific Test']","3"
"163","CFAS","Does s/he take alcohol to get to sleep?","Sleep Medications and Aids","['No Specific Test']","5"
"164","CFAS","Does s/he take alcohol to get to sleep?","Alcohol Related","['No Specific Test']","5"
"165","CFAS","Sleep interrupted","Sleep Difficulty","['No Specific Test']","3"
"166","CFAS","Do you have problems staying asleep or falling asleep?","Sleep Difficulty","['No Specific Test']","5"
"167","CFAS","Does s/he wake early in the morning, before his/her normal time, and not get back to sleep again?","Sleep Difficulty","['No Specific Test']","5"
"168","CFAS","Rate - insomnia","Sleep Disorders","['No Specific Test']","1"
"169","CFAS","Do you ever have any problems sleeping? (PROMPT: How often?)","Sleep Difficulty","['No Specific Test']","5"
"170","CFAS","RATE HAS INSOMNIA MOST OF THE NIGHT AND SLEEPS MAINLY DURING THE DAY (If not established ASK When do you get any sleep?)","Sleep Disorders","['No Specific Test']","1"
"171","CFAS","Difficulty falling asleep","Sleep Difficulty","['No Specific Test']","1"
"172","CFAS","Difficulty falling asleep","Sleep Latency and Waking","['No Specific Test']","1"
"173","CFAS","Interviewee repeatedly falls asleep and has to be awakened.","Uncategorized","['No Specific Test']","4"
"174","CFAS","Rate-Respondent fell asleep","Uncategorized","['No Specific Test']","3"
"175","CFAS","Is s/he restless or wakeful during the night?","Sleep Difficulty","['No Specific Test']","5"
"176","CFAS","Is s/he restless or wakeful during the night?","Sleep Latency and Waking","['No Specific Test']","5"
"177","CFAS","Anything taken to help sleep?","Sleep Medications and Aids","['No Specific Test']","3"
"178","CFAS","Have you taken anything to help you sleep? Does it help?","Sleep Medications and Aids","['No Specific Test']","5"
"179","CFAS","What disturbs sleep","Sleep Latency and Waking","['No Specific Test']","5"
"180","CFAS","Rate-restless","Sleep Difficulty","['No Specific Test']","3"
"181","CFAS","At what age did your sleep become a problem?","Uncategorized","['No Specific Test']","5"
"182","CFAS","rate: who answered sleep section?","Uncategorized","['No Specific Test']","3"
"183","CFAS","How long troubled sleep","Sleep Difficulty","['No Specific Test']","3"
"184","CFAS","who answered memory/sleep section?","Uncategorized","['No Specific Test']","3"
"185","CFAS","Interviewee appears generally sleep, but does not actually fall asleep.","Uncategorized","['No Specific Test']","4"
"186","CFAS","Wakes up early","Sleep Latency and Waking","['No Specific Test']","0"
"187","CFAS","Was it when you were wide awake?","Uncategorized","['No Specific Test']","5"
"188","CFAS","Visions when wide awake","Uncategorized","['No Specific Test']","2"
"189","CFAS","RATE AWAKENS EARLY BY 2 HOURS OR MORE & CANNOT GET BACK TO SLEEP, MOST NIGHTS FOR AT LEAST TWO WEEKS IN THE LAST MONTH.","Sleep Duration","['No Specific Test']","0"
"190","CFAS","RATE AWAKENS EARLY BY 2 HOURS OR MORE & CANNOT GET BACK TO SLEEP, MOST NIGHTS FOR AT LEAST TWO WEEKS IN THE LAST MONTH.","Sleep Latency and Waking","['No Specific Test']","0"
"191","CFASII","Is your sleep interrupted during the night?","Sleep Difficulty","['No Specific Test']","5"
"192","CFASII","Have you had difficulty falling asleep (getting off to sleep)? Do you lie awake for long periods of time (waiting for sleep)?","Sleep Difficulty","['No Specific Test']","5"
"193","CFASII","Have you had difficulty falling asleep (getting off to sleep)? Do you lie awake for long periods of time (waiting for sleep)?","Sleep Latency and Waking","['No Specific Test']","5"
"194","CFASII","obs - falls asleep","Uncategorized","['No Specific Test']","0"
"195","CFASII","Have you recently been waking up early in the morning and found it impossible to get back to sleep? What time would that be? Is that your usual time? How often has it happened?","Sleep Latency and Waking","['No Specific Test']","5"
"196","CFASII","What wakes you up? (What is the difficulty?) Is it a physical problem like having to pass (water) urine, or pain? Does noise bother you?","Sleep Latency and Waking","['No Specific Test']","5"
"197","CFASII","RATE SLEEP INTERRUPTED DURING THE NIGHT MOST NIGHTS FOR AT LEAST TWO WEEKS IN THE LAST MONTH.","Sleep Difficulty","['No Specific Test']","5"
"198","CFASII","Proxy answered eating habits and sleep section.","Uncategorized","['No Specific Test']","0"
"199","CFASII","obs - generally sleepy","Uncategorized","['No Specific Test']","3"
"200","ELSA","During the last month how would you rate your sleep quality overall?","Sleep Quality","['No Specific Test']","5"
"201","ELSA","difficulty in sleeping in last 30 days","Sleep Difficulty","['No Specific Test']","1"
"202","ELSA","in the last 12 months, how often has wheezing disturbed sleep","Sleep Difficulty","['No Specific Test']","5"
"203","ELSA","How often do you have difficulty falling asleep?","Sleep Difficulty","['No Specific Test']","5"
"204","ELSA","How often do you have difficulty falling asleep?","Sleep Latency and Waking","['No Specific Test']","5"
"205","ELSA","alice vignette: difficulty in sleeping in last 30 days","Sleep Difficulty","['No Specific Test']","4"
"206","ELSA","carol vignette: difficulty in sleeping in last 30 days","Sleep Difficulty","['No Specific Test']","4"
"207","ELSA","(Much of the time during the past week), your sleep was restless?","Sleep Difficulty","['No Specific Test']","3"
"208","ELSA","r7sleepr:w7 r cesd: sleep was restless (0,1)","Sleep Difficulty","['CESD']","3"
"209","ELSA","s7sleepr:w7 s cesd: sleep was restless (0,1)","Sleep Difficulty","['CESD']","3"
"210","ELSA","r1sleepr:w1 r cesd: sleep was restless (0,1)","Sleep Difficulty","['CESD']","3"
"211","ELSA","r2sleepr:w2 r cesd: sleep was restless (0,1)","Sleep Difficulty","['CESD']","3"
"212","ELSA","r3sleepr:w3 r cesd: sleep was restless (0,1)","Sleep Difficulty","['CESD']","3"
"213","ELSA","s1sleepr:w1 s cesd: sleep was restless (0,1)","Sleep Difficulty","['CESD']","3"
"214","ELSA","s2sleepr:w2 s cesd: sleep was restless (0,1)","Sleep Difficulty","['CESD']","3"
"215","ELSA","s3sleepr:w3 s cesd: sleep was restless (0,1)","Sleep Difficulty","['CESD']","3"
"216","ELSA","r4sleepr:w4 r cesd: sleep was restless (0,1)","Sleep Difficulty","['CESD']","3"
"217","ELSA","s4sleepr:w4 s cesd: sleep was restless (0,1)","Sleep Difficulty","['CESD']","3"
"218","ELSA","r5sleepr:w5 r cesd: sleep was restless (0,1)","Sleep Difficulty","['CESD']","3"
"219","ELSA","s5sleepr:w5 s cesd: sleep was restless (0,1)","Sleep Difficulty","['CESD']","3"
"220","ELSA","r6sleepr:w6 r cesd: sleep was restless (0,1)","Sleep Difficulty","['CESD']","3"
"221","ELSA","s6sleepr:w6 s cesd: sleep was restless (0,1)","Sleep Difficulty","['CESD']","3"
"222","ELSA","margaret vignette: difficulty in sleeping in last 30 days","Sleep Difficulty","['No Specific Test']","4"
"223","ELSA","lost sleep over worry","Mental Health and Sleep","['GHQ']","2"
"224","ELSA","ghq: lost sleep over worry","Mental Health and Sleep","['GHQ']","3"
"225","ELSA","How often in the past month did you have trouble staying asleep (including waking far too early)?","Sleep Difficulty","['No Specific Test']","5"
"226","ELSA","How often in the past month did you have trouble staying asleep (including waking far too early)?","Sleep Latency and Waking","['No Specific Test']","5"
"227","ELSA","no height: child asleep","Uncategorized","['No Specific Test']","0"
"228","ELSA","no weight: child asleep","Uncategorized","['No Specific Test']","3"
"229","ELSA","sleep: number of hours on average week night","Sleep Duration","['No Specific Test']","1"
"230","ELSA","what time did you go to sleep yesteday? hours","Sleep Onset","['No Specific Test']","5"
"231","ELSA","sleep been disturbed by itching or scratching","Sleep Difficulty","['No Specific Test']","2"
"232","ELSA","How often do you wake up several times in the night?","Sleep Latency and Waking","['No Specific Test']","5"
"233","ELSA","time respondent went to sleep yesterday (hours)","Sleep Onset","['No Specific Test']","0"
"234","ELSA","what time did you go to sleep yesteday? am or pm","Sleep Onset","['No Specific Test']","5"
"235","ELSA","what time did you go to sleep yesteday? minutes","Sleep Onset","['No Specific Test']","5"
"236","ELSA","How often do you wake up after your usual amount of sleep feeling tired and worn out?","Daytime Sleepiness","['No Specific Test']","5"
"237","ELSA","How often do you wake up after your usual amount of sleep feeling tired and worn out?","Sleep Latency and Waking","['No Specific Test']","5"
"238","ELSA","How often do you wake up after your usual amount of sleep feeling tired and worn out?","Sleep Quality","['No Specific Test']","5"
"239","ELSA","How often do you doze off or take a nap during the morning or afternoon?","Daytime Sleepiness","['No Specific Test']","5"
"240","ELSA","cortisol awakening response (only if interval le 45 min)","Uncategorized","['No Specific Test']","1"
"241","ELSA","how frequently did you wake up with a full erection during the past month?","Physical Health and Sleep","['No Specific Test']","5"
"242","ELSA","derived: time respondent went to sleep yesterday - 24 hour clock","Sleep Onset","['No Specific Test']","4"
"243","ELSA","what time did you wake up yesterday? minutes","Sleep Latency and Waking","['No Specific Test']","5"
"244","ELSA","what time did you wake up yesterday? hours","Sleep Latency and Waking","['No Specific Test']","5"
"245","ELSA","what time did you wake up yesterday? am or pm","Sleep Latency and Waking","['No Specific Test']","5"
"246","EPIC","on average, how many hours do you sleep in a 24 hour period? (fu2)","Sleep Duration","['No Specific Test']","5"
"247","EPIC","symptoms at the time of menopause: difficulty in sleeping (women only) (fu3)","Sleep Difficulty","['No Specific Test']","1"
"248","EPIC","duration of sleeping on weekend (epaq 3hc)","Sleep Duration","['No Specific Test']","1"
"249","EPIC","insomnia requiring treatment (fu2)","Sleep Disorders","['No Specific Test']","1"
"250","EPIC","insomnia requiring treatment (fu2)","Sleep Medications and Aids","['No Specific Test']","1"
"251","EPIC","other: insomnia requiring treatment (fu3)","Sleep Disorders","['No Specific Test']","1"
"252","EPIC","other: insomnia requiring treatment (fu3)","Sleep Medications and Aids","['No Specific Test']","1"
"253","EPIC","insomnia requiring treatment: first date (year) (fu2)","Sleep Disorders","['No Specific Test']","1"
"254","EPIC","insomnia requiring treatment: first date (year) (fu2)","Sleep Medications and Aids","['No Specific Test']","1"
"255","EPIC","self reported insomnia requiring treatment (1hc hlqs)","Sleep Disorders","['No Specific Test']","1"
"256","EPIC","self reported insomnia requiring treatment (1hc hlqs)","Sleep Medications and Aids","['No Specific Test']","1"
"257","EPIC","self-reported age first diagnosed for insomnia (requiring treatment)(1hc hlqs)","Sleep Disorders","['No Specific Test']","1"
"258","EPIC","self-reported age first diagnosed for insomnia (requiring treatment)(1hc hlqs)","Sleep Medications and Aids","['No Specific Test']","1"
"259","EPIC","during the time when you felt sad or depressed for at least 2 weeks, did you: have more trouble falling asleep than you usually do, or sleeping too much? (fu4)","Sleep Difficulty","['No Specific Test']","5"
"260","EPIC","during the time when you felt sad or depressed for at least 2 weeks, did you: have more trouble falling asleep than you usually do, or sleeping too much? (fu4)","Sleep Latency and Waking","['No Specific Test']","5"
"261","EPIC","duration of sleeping: wkendsleep*2 wkdaysleep*5; (epaq 2hc)","Sleep Duration","['No Specific Test']","1"
"262","EPIC","duration of sleeping on weekday (epaq 3hc)","Sleep Duration","['No Specific Test']","1"
"263","EPIC","do you generally sleep well? (fu2)","Sleep Quality","['No Specific Test']","5"
"264","EPIC","do you normally take a nap during the day? (fu2)","Daytime Sleepiness","['No Specific Test']","5"
"265","EPIC","minutes sleep per night on average (derived from question a5e ) (hleq2)","Sleep Duration","['No Specific Test']","1"
"266","EPIC","duration of sleep after assigning median to extreme values(epaq2_3hc)","Sleep Duration","['No Specific Test']","1"
"267","GS:SFHS","had difficulty in staying asleep once you are off?","Sleep Difficulty","['No Specific Test']","2"
"268","GS:SFHS","had difficulty in staying asleep once you are off?","Sleep Latency and Waking","['No Specific Test']","2"
"269","GS:SFHS","lost much sleep over worry?","Mental Health and Sleep","['No Specific Test']","2"
"270","GS:SFHS","...you got much less sleep than usual and found you didnt really miss it?","Uncategorized","['No Specific Test']","5"
"271","ICICLE","pittsberg sleep quality index total","Sleep Quality","['PSQI']","1"
"272","ICICLE","Intense, vivid dreams or frightening dreams","Sleep Disorders","['No Specific Test']","2"
"273","ICICLE","nms-quest symptom duration in months","Sleep Disorders","['No Specific Test']","1"
"274","ICICLE","epworth sleepiness scale total","Daytime Sleepiness","['Epworth Sleepiness Scale']","1"
"275","MRC","sleep","Uncategorized","['No Specific Test']","3"
"276","MRC","pittsburgh sleep quality index (psqi): total score","Sleep Quality","['PSQI']","1"
"277","MRC","over the last year have you had trouble getting off to sleep?","Sleep Difficulty","['No Specific Test']","5"
"278","MRC","over the last year have you had trouble getting off to sleep?","Sleep Latency and Waking","['No Specific Test']","5"
"279","MRC","trouble getting off to sleep in past month","Sleep Difficulty","['No Specific Test']","5"
"280","MRC","trouble getting off to sleep in past month","Sleep Latency and Waking","['No Specific Test']","5"
"281","MRC","trouble with sleep","Sleep Difficulty","['No Specific Test']","5"
"282","MRC","psqi: sleep disturbance","Sleep Quality","['PSQI']","1"
"283","MRC","psqi: sleep disturbance","Sleep Difficulty","['PSQI']","1"
"284","MRC","kind of trouble with sleep","Sleep Difficulty","['No Specific Test']","5"
"285","MRC","type of trouble with sleep","Sleep Difficulty","['No Specific Test']","5"
"286","MRC","types of trouble with sleep. if 2 types noted, code both, eg trouble 1 'difficulty getting to sleep' and 2 'waking up in the night' = 12","Sleep Difficulty","['No Specific Test']","5"
"287","MRC","types of trouble with sleep. if 2 types noted, code both, eg trouble 1 'difficulty getting to sleep' and 2 'waking up in the night' = 12","Sleep Latency and Waking","['No Specific Test']","5"
"288","MRC","nightmares or disturbed sleep during past year (asked at 11 years)","Sleep Difficulty","['No Specific Test']","5"
"289","MRC","nightmares or disturbed sleep during past year (asked at 11 years)","Dreams","['No Specific Test']","5"
"290","MRC","over the last year have you had trouble with waking up and not being able to get back to sleep?","Sleep Difficulty","['No Specific Test']","5"
"291","MRC","over the last year have you had trouble with waking up and not being able to get back to sleep?","Sleep Latency and Waking","['No Specific Test']","5"
"292","MRC","derived sleep duration [difference between sleep and wake times] (hours)","Sleep Duration","['No Specific Test']","0"
"293","MRC","sleep hr (beats/min) [value used for step test analysis]","Physical Health and Sleep","['No Specific Test']","3"
"294","MRC","does child sleep in room alone or with others?","Sleep Environment","['No Specific Test']","5"
"295","MRC","in the winter do you usually sleep with your bedroom windows open?","Sleep Environment","['No Specific Test']","5"
"296","MRC","i often have ideas running through my head so that i cannot sleep","Mental Health and Sleep","['No Specific Test']","3"
"297","MRC","does child sleep in room by himself or with others?","Sleep Environment","['No Specific Test']","5"
"298","MRC","kind of trouble with sleep (summary code) - values 26-56 are all multiple punched but exact responses not known","Sleep Difficulty","['No Specific Test']","4"
"299","MRC","post-c19: ghq12- whether lost much sleep over worry","Mental Health and Sleep","['GHQ']","1"
"300","NICOLA","my sleep was restless","Sleep Difficulty","['CESD']","3"
"301","NICOLA","trouble falling or staying asleep","Sleep Latency and Waking","['No Specific Test']","1"
"302","NICOLA","bh203f_hours - amount of sleep - hours :","Sleep Duration","['No Specific Test']","1"
"303","NICOLA","total minutes sleep daily","Sleep Duration","['No Specific Test']","1"
"304","NICOLA","in the last 30 days, how much difficulty have you had with sleeping, such as falling asleep, waking up frequently during the night or waking up too early in the morning","Sleep Difficulty","['No Specific Test']","5"
"305","NICOLA","in the last 30 days, how much difficulty have you had with sleeping, such as falling asleep, waking up frequently during the night or waking up too early in the morning","Sleep Latency and Waking","['No Specific Test']","5"
"306","NICOLA","bh203e - do you take any medication (over the counter or prescribed) to help you sleep?","Sleep Medications and Aids","['No Specific Test']","5"
"307","NICOLA","bh203c - how often in the past month did you have trouble staying asleep (including waking far too early)?","Sleep Difficulty","['No Specific Test']","5"
"308","NICOLA","bh203c - how often in the past month did you have trouble staying asleep (including waking far too early)?","Sleep Latency and Waking","['No Specific Test']","5"
"309","NICOLA","bh203d - how often in the past month did you wake up after your usual amount of sleep feeling tired and worn out?","Daytime Sleepiness","['No Specific Test']","5"
"310","NICOLA","bh203d - how often in the past month did you wake up after your usual amount of sleep feeling tired and worn out?","Sleep Quality","['No Specific Test']","5"
"311","NICOLA","bh201 - how likely are you to doze off or fall asleep during the day?","Daytime Sleepiness","['No Specific Test']","5"
"312","NICOLA","bh203 - how often in the past month have you had trouble with waking up too early and not being able to fall asleep again?","Sleep Difficulty","['No Specific Test']","5"
"313","NICOLA","bh203 - how often in the past month have you had trouble with waking up too early and not being able to fall asleep again?","Sleep Latency and Waking","['No Specific Test']","5"
"314","NICOLA","bh203f_minutes - amount of sleep - minutes :","Sleep Duration","['No Specific Test']","1"
"315","NICOLA","ph308 - does your arthritis make it difficult for you to sleep at night?","Physical Health and Sleep","['No Specific Test']","5"
"316","NICOLA","bh203b - how often in the past month did you wake up several times per night?","Sleep Duration","['No Specific Test']","5"
"317","NICOLA","bh203b - how often in the past month did you wake up several times per night?","Sleep Latency and Waking","['No Specific Test']","5"
"318","NIMROD","Sleep is disturbed at night.","Sleep Difficulty","['No Specific Test']","5"
"319","NIMROD","Sleeps more by day than before (cat naps etc.)","Daytime Sleepiness","['No Specific Test']","2"
"320","SMC","x17sleepdis","Uncategorized","['No Specific Test']","3"
"321","Whitehall","q17k difficulty sleeping last 14 days? (s2)","Sleep Difficulty","['No Specific Test']","1"
"322","Whitehall","q19k difficulty sleeping in last 14 days (s1)","Sleep Difficulty","['No Specific Test']","1"
"323","Whitehall","q15k difficulty sleeping in last 14 dys? (s3)","Sleep Difficulty","['No Specific Test']","1"
"324","Whitehall","q74k difficulty sleeping in last 2 wks (s7)","Sleep Difficulty","['No Specific Test']","1"
"325","Whitehall","q79d do you experience sleep disturbance (s7)","Sleep Difficulty","['No Specific Test']","5"
"326","Whitehall","q73e last mth- disturbed sleep (s8)","Sleep Difficulty","['No Specific Test']","1"
"327","Whitehall","q73e disturbed/restless sleep in last 4 wks (s7)","Sleep Difficulty","['No Specific Test']","4"
"328","Whitehall","q73a trouble falling asleep in last 4 wks (s7)","Sleep Difficulty","['No Specific Test']","4"
"329","Whitehall","q73a trouble falling asleep in last 4 wks (s7)","Sleep Latency and Waking","['No Specific Test']","4"
"330","Whitehall","q73a last mth- trouble falling asleep (s","Sleep Difficulty","['No Specific Test']","4"
"331","Whitehall","q73a last mth- trouble falling asleep (s","Sleep Latency and Waking","['No Specific Test']","4"
"332","Whitehall","q56a last mth- trouble falling asleep (s","Sleep Difficulty","['No Specific Test']","4"
"333","Whitehall","q56a last mth- trouble falling asleep (s","Sleep Latency and Waking","['No Specific Test']","4"
"334","Whitehall","q2.64a trouble falling asleep (s5)","Sleep Difficulty","['No Specific Test']","4"
"335","Whitehall","q2.64a trouble falling asleep (s5)","Sleep Latency and Waking","['No Specific Test']","4"
"336","Whitehall","q61 breathing pauses during sleep (s9)","Sleep Disorders","['No Specific Test']","1"
"337","Whitehall","how many hours sleep do you have on an average week night?","Sleep Duration","['No Specific Test']","5"
"338","Whitehall","q54 recent lost much sleep? (s2)","Sleep Difficulty","['GHQ']","3"
"339","Whitehall","q25 lost sleep by worry (s9)","Sleep Difficulty","['GHQ']","3"
"340","Whitehall","q25 lost sleep by worry (s9)","Mental Health and Sleep","['GHQ']","3"
"341","Whitehall","q42 lost sleep by worry (s8)","Sleep Difficulty","['GHQ']","3"
"342","Whitehall","q42 lost sleep by worry (s8)","Mental Health and Sleep","['GHQ']","3"
"343","Whitehall","q23 lost sleep by worry (s11)","Sleep Difficulty","['GHQ']","3"
"344","Whitehall","q23 lost sleep by worry (s11)","Mental Health and Sleep","['GHQ']","3"
"345","Whitehall","q56 hours sleep on avg wk-night (s12)","Sleep Duration","['No Specific Test']","3"
"346","Whitehall","q55 hours sleep on avg wk-night (s11)","Sleep Duration","['No Specific Test']","3"
"347","Whitehall","q81 recently lost much sleep (s1)","Sleep Difficulty","['GHQ']","3"
"348","Whitehall","q88 recently lost much sleep? (s3)","Sleep Difficulty","['GHQ']","3"
"349","Whitehall","q23 recently lost sleep by worry (s6)","Sleep Difficulty","['GHQ']","3"
"350","Whitehall","q23 recently lost sleep by worry (s6)","Mental Health and Sleep","['GHQ']","3"
"351","Whitehall","q42 recently lost sleep due to worry (s7)","Sleep Difficulty","['GHQ']","3"
"352","Whitehall","q42 recently lost sleep due to worry (s7)","Mental Health and Sleep","['GHQ']","3"
"353","Whitehall","q2.34 recently lost sleep by worry (s5)","Sleep Difficulty","['GHQ']","3"
"354","Whitehall","q2.34 recently lost sleep by worry (s5)","Mental Health and Sleep","['GHQ']","3"
"355","Whitehall","q56e last mth- disturbed sleep (s9)","Sleep Difficulty","['No Specific Test']","1"
"356","Whitehall","q57e last mth- disturbed sleep (s12)","Sleep Difficulty","['No Specific Test']","1"
"357","Whitehall","q26d suffer menop sleep disturbance? (s4)","Sleep Difficulty","['No Specific Test']","1"
"358","Whitehall","q26d suffer menop sleep disturbance? (s4)","Physical Health and Sleep","['No Specific Test']","1"
"359","Whitehall","q57a last mth- trouble falling asleep (s12)","Sleep Difficulty","['No Specific Test']","4"
"360","Whitehall","q57a last mth- trouble falling asleep (s12)","Sleep Latency and Waking","['No Specific Test']","4"
"361","Whitehall","q29d suffer menop sleep disturbance? (s3)","Sleep Difficulty","['No Specific Test']","1"
"362","Whitehall","q29d suffer menop sleep disturbance? (s3)","Physical Health and Sleep","['No Specific Test']","1"
"363","Whitehall","q56a last mth- trouble falling asleep (s11)","Sleep Difficulty","['No Specific Test']","4"
"364","Whitehall","q56a last mth- trouble falling asleep (s11)","Sleep Latency and Waking","['No Specific Test']","4"
"365","Whitehall","q73c cannot stay asleep in last 4 wks (s7)","Sleep Difficulty","['No Specific Test']","4"
"366","Whitehall","q73c cannot stay asleep in last 4 wks (s7)","Sleep Latency and Waking","['No Specific Test']","4"
"367","Whitehall","q57a sleep- nap during day (s11)","Daytime Sleepiness","['No Specific Test']","1"
"368","Whitehall","q58a sleep- nap during day (s12)","Daytime Sleepiness","['No Specific Test']","1"
"369","Whitehall","q73c last mth- cannot stay asleep (s8)","Sleep Difficulty","['No Specific Test']","4"
"370","Whitehall","q73c last mth- cannot stay asleep (s8)","Sleep Latency and Waking","['No Specific Test']","4"
"371","Whitehall","q3.8d menopausal sleep disturb (s5)","Sleep Difficulty","['No Specific Test']","1"
"372","Whitehall","q3.8d menopausal sleep disturb (s5)","Physical Health and Sleep","['No Specific Test']","1"
"373","Whitehall","q56c last mth- cannot stay asleep (s9)","Sleep Difficulty","['No Specific Test']","4"
"374","Whitehall","q56c last mth- cannot stay asleep (s9)","Sleep Latency and Waking","['No Specific Test']","4"
"375","Whitehall","q36d suffer menopausal sleep disturbance (s1)","Sleep Difficulty","['No Specific Test']","1"
"376","Whitehall","q36d suffer menopausal sleep disturbance (s1)","Physical Health and Sleep","['No Specific Test']","1"
"377","Whitehall","q2.64c cannot stay asleep (s5)","Sleep Difficulty","['No Specific Test']","4"
"378","Whitehall","q2.64c cannot stay asleep (s5)","Sleep Latency and Waking","['No Specific Test']","4"
"379","Whitehall","q57c last mth- cannot stay asleep (s12)","Sleep Difficulty","['No Specific Test']","4"
"380","Whitehall","q57c last mth- cannot stay asleep (s12)","Sleep Latency and Waking","['No Specific Test']","4"
"381","Whitehall","q64 fallen asleep whilst driving (s9)","Daytime Sleepiness","['No Specific Test']","4"
"382","Whitehall","q58 snoring description (s9)","Sleep Disorders","['No Specific Test']","1"
"383","Whitehall","q57c sleep - length of nap during day (s11)","Sleep Duration","['No Specific Test']","1"
"384","Whitehall","q57c sleep - length of nap during day (s11)","Daytime Sleepiness","['No Specific Test']","1"
"385","Whitehall","q58c sleep - length of nap during day (s12)","Sleep Duration","['No Specific Test']","1"
"386","Whitehall","q58c sleep - length of nap during day (s12)","Daytime Sleepiness","['No Specific Test']","1"
"387","Whitehall","q72 week-night average hours of sleep (s7)","Sleep Duration","['No Specific Test']","1"
"388","Whitehall","q57b sleep - frecuency nap during day (s11)","Daytime Sleepiness","['No Specific Test']","1"
"389","Whitehall","q58b sleep - frecuency nap during day (s12)","Daytime Sleepiness","['No Specific Test']","1"
"390","Whitehall","q73b increased alc: get to sleep (s11)","Sleep Medications and Aids","['No Specific Test']","1"
"391","Whitehall","q73b increased alc: get to sleep (s11)","Alcohol Related","['No Specific Test']","1"
"392","Whitehall","q101k cesd q11- sleep (s9)","Uncategorized","['CESD']","3"
"393","Whitehall","q73b wake up several times in last 4 wks (s7)","Sleep Quality","['No Specific Test']","4"
"394","Whitehall","q73b wake up several times in last 4 wks (s7)","Sleep Latency and Waking","['No Specific Test']","4"
"395","Whitehall","q73b last mth- wake several times (s8)","Sleep Quality","['No Specific Test']","4"
"396","Whitehall","q73b last mth- wake several times (s8)","Sleep Latency and Waking","['No Specific Test']","4"
"397","Whitehall","q56b last mth- wake several times (s9)","Sleep Quality","['No Specific Test']","4"
"398","Whitehall","q56b last mth- wake several times (s9)","Sleep Latency and Waking","['No Specific Test']","4"
"399","Whitehall","q2.64b wake several times (s5)","Sleep Quality","['No Specific Test']","4"
"400","Whitehall","q2.64b wake several times (s5)","Sleep Latency and Waking","['No Specific Test']","4"
"401","Whitehall","q57b last mth- wake several times (s12)","Sleep Quality","['No Specific Test']","4"
"402","Whitehall","q57b last mth- wake several times (s12)","Sleep Latency and Waking","['No Specific Test']","4"
"403","Whitehall","q73d wake as usual but tired in last 4 wks (s7)","Daytime Sleepiness","['No Specific Test']","4"
"404","Whitehall","q73d wake as usual but tired in last 4 wks (s7)","Sleep Quality","['No Specific Test']","4"
"405","Whitehall","q73d last mth- wake as usual but tired (s8)","Daytime Sleepiness","['No Specific Test']","4"
"406","Whitehall","q73d last mth- wake as usual but tired (s8)","Sleep Quality","['No Specific Test']","4"
"407","Whitehall","q56d last mth- wake as usual but tired (","Daytime Sleepiness","['No Specific Test']","4"
"408","Whitehall","q56d last mth- wake as usual but tired (","Sleep Quality","['No Specific Test']","4"
"409","Whitehall","q57d last mth- wake as usual but tired (s12)","Daytime Sleepiness","['No Specific Test']","4"
"410","Whitehall","q57d last mth- wake as usual but tired (s12)","Sleep Quality","['No Specific Test']","4"
"411","Whitehall","q2.64d wake as usual but tired (s5)","Daytime Sleepiness","['No Specific Test']","4"
"412","Whitehall","q2.64d wake as usual but tired (s5)","Sleep Quality","['No Specific Test']","4"
