"","fdd_var","From","To","cohort","Similarity","is_duplicate","master_id"
"1","heslpd"," sleep: frequency wake up feeling tired & worn out","Trouble falling or staying asleep, or sleeping too much in last 2W.frequency","ELSA",0.406,FALSE,"622"
"2","heslpf"," sleep: rating sleep quality overall","Overall Sleep Quality Rating","ELSA",0.953,FALSE,"10"
"3","mdqa4","...you got much less sleep than usual and found you didnt really miss it?","I didn't sleep as well as I usually sleep","GS:SFHS",0.555,FALSE,"406"
"4","c1sleeping","[c1 clinic interview q23c2g] personality: are you: do you have great difficulty in falling or staying asleep? ","Have Difficulty Getting to Sleep and Staying Asleep","CaPS",0.506,TRUE,"458"
"5","c1troublesleeping","[c1 clinic interview q23c4c] personality: are you: have trouble sleeping or falling asleep ","Trouble falling or staying asleep, or sleeping too much in last 2W","CaPS",0.579,TRUE,"356"
"6","c2lostmuchsleep","[c2 general health q2] have you recently lost much sleep over worry? ","Healthy Sleep","CaPS",0.382,TRUE,"639"
"7","c2homesleephours","[c2 home & work environment q21] how many months a year do you sleep with your bedroom window open? ","Environmental Sleep Disorder","CaPS",0.495,TRUE,"497"
"8","c2sleepdifficult","[c2 home & work environment q28] does traffic noise make it difficult for you to fall asleep? ","Environmental Sleep Disorder","CaPS",0.464,TRUE,"536"
"9","c2wakeupduenoise","[c2 home & work environment q29] does traffic noise wake you up? ","Environmental Sleep Disorder","CaPS",0.493,TRUE,"499"
"10","c2easilyawakened","[c2 psychosocial quest noise q2] i am easily awakened by noise ","Ringing or Other Noises Did Not Wake Me From Sleep","CaPS",0.417,TRUE,"590"
"11","c2angrywithnoisypeople","[c2 psychosocial quest noise q9] i get angry with people who make noise that keeps me awake or doing work ","Ringing or Other Noises Did Not Wake Me From Sleep","CaPS",0.406,TRUE,"617"
"12","c3abletoconcentrate","[c3 general health q1] have you recently been able to concentrate on whatever you’re doing? ","Have you ever been concerned about your childs breathing during sleep","CaPS",0.295,TRUE,"734"
"13","c3depressed","[c3 general health q22] have you recently been feeling unhappy and depressed? ","I have been so unhappy that I have had difficulty sleeping in the past 7D","CaPS",0.409,TRUE,"612"
"14","c3lostmuchsleep","[c3 general health q2] have you recently lost much sleep over worry? ","Healthy Sleep","CaPS",0.382,TRUE,"641"
"15","c3restlessdisturbednights","[c3 general health q3] have you recently been having restless disturbed nights? ","Distressed by Sleep that is Restless and Disturbed","CaPS",0.525,TRUE,"434"
"16","c3outdoors","[c3 general health q5] have you recently been getting out of the house as much as usual? ","Frequently Have Trouble Getting to Sleep","CaPS",0.336,TRUE,"673"
"17","c3tasksatisfaction","[c3 general health q8] have you recently been satisfied with the way you’ve carried out your task? ","I was satisfied with my sleep in past 7D","CaPS",0.469,TRUE,"526"
"18","c3wakeuptrafficnoise","[c3 lifestyle quest q11c] does traffic noise ever wake you up? ","mismatch of sleep-wake schedule with lifestyle needs","CaPS",0.351,TRUE,"665"
"19","c3kickduringsleep","[c3 sleep disturbance q10] do you kick or make other disruptive movements during sleep? ","Sleep disturbances","CaPS",0.561,TRUE,"398"
"20","c3gettosleepdifficuly","[c3 sleep disturbance q11a] difficulty in getting to sleep? ","Sleep disturbances","CaPS",0.654,TRUE,"296"
"21","c3backtosleepdifficulty","[c3 sleep disturbance q11b] wake up during the night and have a hard time getting back to sleep? ","In the past Y, have you awakened during the night and had a hard time getting back to sleep","CaPS",0.671,TRUE,"259"
"22","c3wakerepeatedly","[c3 sleep disturbance q11c] wake up repeatly during the night? ","Sleep disturbances","CaPS",0.564,TRUE,"392"
"23","c3notfeelrested","[c3 sleep disturbance q11d] not feel rested during the day, no matter how many hours of sleep you had? ","Sleep or rest pattern disturbance","CaPS",0.644,TRUE,"304"
"24","c3bothersometwitches","[c3 sleep disturbance q11e] restless legs or borthersome twiches? ","legs feel restless disturbing sleep","CaPS",0.553,TRUE,"408"
"25","c3sleepinessduringday","[c3 sleep disturbance q11f] feelings of excessive sleepiness during the day? ","Sleep disturbances","CaPS",0.593,TRUE,"349"
"26","c3nasalcongestion","[c3 sleep disturbance q11g] nasal congestion, obstruction, or discharge at night? ","Sleep disturbances","CaPS",0.491,TRUE,"501"
"27","c3dozemomentarily","[c3 sleep disturbance q11h] fall asleep or doze momentarily: watching tv, reading, in meetings etc? ","Sleep disturbances","CaPS",0.475,TRUE,"519"
"28","c3stimulantstostayawake","[c3 sleep disturbance q11i] need for coffee or other stimulants to stay awake during the day? ","Sleep disturbances","CaPS",0.482,TRUE,"509"
"29","c3timefallasleep","[c3 sleep disturbance q12] approximately how many minutes does it usually take you to fall asleep at night?","Sleep disturbances","CaPS",0.513,TRUE,"451"
"30","c3hrsworkdaysleep","[c3 sleep disturbance q13a] how many hours of sleep do you usually get in a workday night?","Sleep disturbances","CaPS",0.588,TRUE,"351"
"31","c3hrsweekendsleep","[c3 sleep disturbance q13b] how many hours of sleep do you usually get in a weekend or non-work night?","Sleep disturbances","CaPS",0.564,TRUE,"394"
"32","c3freqnapduringtheday","[c3 sleep disturbance q14] how often do you take a nap during the day or early evening? ","Sleep disturbances","CaPS",0.574,TRUE,"362"
"33","c3allergiescausingnasalcongestio","[c3 sleep disturbance q15] do you have any allergies like hay fever that cause congestion? ","Sleep disturbances","CaPS",0.486,TRUE,"506"
"34","c3sleeptablets","[c3 sleep disturbance q16] do you take sleeping tables? ","Sleep disturbances","CaPS",0.729,TRUE,"165"
"35","c3todaydoyoufeel","[c3 sleep disturbance q1] today, do you feel? ","Sleep disturbances","CaPS",0.769,TRUE,"110"
"36","c3snoring","[c3 sleep disturbance q2] have you ever been told you snore? ","Sleep disturbances","CaPS",0.67,TRUE,"261"
"37","c3freqsnoring","[c3 sleep disturbance q3] according to others, please estimate how often you snore? ","Sleep disturbances","CaPS",0.56,TRUE,"401"
"38","c3loudnesssnoring","[c3 sleep disturbance q4] how loud have others said your snoring is? ","Sleep disturbances","CaPS",0.595,TRUE,"347"
"39","c3yrssnoring","[c3 sleep disturbance q5] based on what others have told you, for about how many years do you think you have snored?","Sleep disturbances","CaPS",0.501,TRUE,"489"
"40","c3awarenesssnoring","[c3 sleep disturbance q6] how often(if ever) have you had the feeling or awareness that you have been snoring? ","Sleep disturbances","CaPS",0.472,TRUE,"522"
"41","c3gaspduringsleep","[c3 sleep disturbance q7] according to others how often do you gasp, choke or make snorting sounds during sleep? ","Sleep disturbances","CaPS",0.519,TRUE,"442"
"42","c3wakegasping","[c3 sleep disturbance q8] how often have you wakened suddenly with the feeling of gasping or choking? ","Sleep disturbances","CaPS",0.453,TRUE,"545"
"43","c3sleepbreathupnormally","[c3 sleep disturbance q9] how often do you seem to have momentary periods in your sleep when you breath abnormally? ","Sleep disturbances","CaPS",0.521,TRUE,"439"
"44","T0481 C3 General health and sleep disturbance quests","[c3 sleep disturbance] date of birth of the subject in format dd/mm/yyyy from card 9","Sleep disturbances","CaPS",0.506,FALSE,"460"
"45","T0481 C3 General health and sleep disturbance quests","[c3 sleep disturbance] original text version of date of birth of the subject in format ddmmyy from card 9","PROMIS short form - sleep disturbance - 8b - version 1.0","CaPS",0.5,FALSE,"492"
"46","T0481 C3 General health and sleep disturbance quests","[c3 sleep disturbance] the card number in this case 9","Sleep disturbances","CaPS",0.747,FALSE,"158"
"47","T0481 C3 General health and sleep disturbance quests","[c3 sleep disturbance] the file number as recorded on card 9","Sleep disturbances","CaPS",0.673,FALSE,"256"
"48","T0481 C3 General health and sleep disturbance quests","[c3 sleep disturbance] the unique number allocated to each subject in the study as recorded on card 9","Sleep disturbances","CaPS",0.525,FALSE,"436"
"49","c4lostmuchsleep","[c4 general health q2] have you recently lost much sleep over worry? ","Healthy Sleep","CaPS",0.382,TRUE,"643"
"50","T0552 C5 CA Investigations IQcode IR","[c5 ca personality] sleep pattern disturbance ","Sleep pattern disturbance","CaPS",0.859,FALSE,"65"
"51","c5lostmuchsleep","[c5 general health q2] have you recently lost much sleep over worry? ","Healthy Sleep","CaPS",0.382,TRUE,"645"
"52","c5q39loudnessofsnoring","[c5 self completion quest q39] how loud is your snoring? ","Trouble Sleeping, Cough or Snoring Loudly","CaPS",0.412,TRUE,"598"
"53","c5q41awarenessofsnoring","[c5 self completion quest q41] how often have you had the feeling of awareness that you have been snoring? ","In the last 12Mo, have you been awakened from sleep by shortness of breath or a feeling of tightness in your chest","CaPS",0.371,TRUE,"655"
"54","c5q42gaspingorchoking","[c5 self completion quest q42] how often do you gasp or choke during sleep? ","During sleep","CaPS",0.415,TRUE,"593"
"55","c5q43wokengaspingorchoking","[c5 self completion quest q43] how often have you wakened suddenly with the feeling of gasping  or choking? ","parental concerns: child used to sleep through night, suddenly started waking up","CaPS",0.296,TRUE,"721"
"56","c5q44stopbreathing","[c5 self completion quest q44] how often do you have momentary periods during sleep when you stop breathing or breath abnormally? ","Sleep-related breathing test","CaPS",0.406,TRUE,"619"
"57","c5q45kicking","[c5 self completion quest q45] how often do you kick or make other disruptive movements during sleep? ","Disrupted sleep","CaPS",0.476,TRUE,"514"
"58","c5q46minutestosleep","[c5 self completion quest q46] approximately how many minutes does it usually take you to fall asleep?","How many H and Ms of sleep do you usually get when you take a nap","CaPS",0.374,TRUE,"651"
"59","c5q47hoursofsleep","[c5 self completion quest q47] how many hours of sleep do you usually get each night?","How many H and Ms of sleep do you usually get when you take a nap","CaPS",0.442,TRUE,"556"
"60","c5q48nap","[c5 self completion quest q48] how often do you take a nap during the day or early evening? ","When you do doze off during the D and take a nap, do you find this sleep refreshing","CaPS",0.286,TRUE,"736"
"61","c5q50sleepingtablets","[c5 self completion quest q50] do you take sleeping tablets? ","Trouble Sleeping (question)","CaPS",0.409,TRUE,"614"
"62","c5q51asittingandreading","[c5 self completion quest q51a] how likely are you to fall asleep sitting and reading? ","Can only sleep sitting up","CaPS",0.325,TRUE,"678"
"63","c5q51bwatchingtv","[c5 self completion quest q51b] how likely are you to fall asleep watching tv? ","Asleep","CaPS",0.333,TRUE,"675"
"64","c5q51ctheatreormeeting","[c5 self completion quest q51c] how likely are you to fall asleep in a theatre or meeting? ","Asleep","CaPS",0.315,TRUE,"713"
"65","c5q51dpassengerinacar","[c5 self completion quest q51d] how likely are you to fall asleep as a passenger in a car? ","Asleep","CaPS",0.325,TRUE,"680"
"66","c5q51elyingdown","[c5 self completion quest q51e] how likely are you to fall asleep lying down to rest in the afternoon? ","Sleep Question","CaPS",0.3,TRUE,"719"
"67","c5q51fsittingtalking","[c5 self completion quest q51f] how likely are you to fall asleep sitting talking to someone? ","Sleep Talking","CaPS",0.378,TRUE,"647"
"68","c5q51gafterlunch","[c5 self completion quest q51g] how likely are you to fall asleep sitting quietly after lunch without alcohol? ","ALCOHOL USE FOR SLEEP","CaPS",0.353,TRUE,"663"
"69","c5q51htrafficlights","[c5 self completion quest q51h] how likely are you to fall asleep in a car stopped at traffic lights? ","Light sleep","CaPS",0.308,TRUE,"717"
"70","A024Sleep problems","a024 sleep problems - 1=absent, 2=present,","Absent REM sleep","BRACE",0.537,FALSE,"421"
"71","Acting_Comm","acting out dreams comments","How often do you remember your dreams - that is, dreams that occur during your regular sleep and not while napping","AMPLE",0.405,FALSE,"623"
"72","Acting_Ever","acting out dreams ever","How often do you remember your dreams - that is, dreams that occur during your regular sleep and not while napping","AMPLE",0.455,FALSE,"543"
"73","v119_s0","age at onset of sleep problem?","Problem with Sleep","CFAS",0.72,TRUE,"167"
"74","shwake4","alice vignette: difficulty in sleeping in last 30 days","Difficulty sleeping","ELSA",0.664,FALSE,"265"
"75","F_089","amount of sleep usually enjoyed over a 24 hour period","Amount of sleep","Airwave",0.457,FALSE,"540"
"76","v113_c12","any trouble sleeping?","Trouble sleeping in past 4W","CFAS",0.928,TRUE,"12"
"77","EPAQ_001","average daily sleep time (hours) during the week","During sleep","CamCAN",0.517,FALSE,"444"
"78","EPAQ_002","average daily sleep time (hours) during the weekend","During sleep","CamCAN",0.466,FALSE,"529"
"79","bh201","bh201 - how likely are you to doze off or fall asleep during the day?","When you do doze off during the D and take a nap, do you find this sleep refreshing","NICOLA",0.422,FALSE,"588"
"80","bh203","bh203 - how often in the past month have you had trouble with waking up too early and not being able to fall asleep again?","Trouble falling or staying asleep, or sleeping too much in last 2W","NICOLA",0.42,FALSE,"589"
"81","BH203b","bh203b - how often in the past month did you wake up several times per night?","How much of the time has pain made it hard for you to sleep at night over the past 5D","NICOLA",0.241,FALSE,"742"
"82","BH203c","bh203c - how often in the past month did you have trouble staying asleep (including waking far too early)?","Trouble falling or staying asleep, or sleeping too much in last 2W","NICOLA",0.484,FALSE,"508"
"83","BH203d","bh203d - how often in the past month did you wake up after your usual amount of sleep feeling tired and worn out?","How often do you feel tired or fatigued after your sleep","NICOLA",0.432,FALSE,"578"
"84","BH203e","bh203e - do you take any medication (over the counter or prescribed) to help you sleep?","Used medication for anxiety or sleep not as prescribed or not prescribed for you in past 3Mo","NICOLA",0.508,FALSE,"457"
"85","BH203f_hours","bh203f_hours - amount of sleep - hours :","hours of sleep","NICOLA",0.516,FALSE,"445"
"86","BH203f_minutes","bh203f_minutes - amount of sleep - minutes :","Mean sleep latency is less than 5 to 8 minutes","NICOLA",0.412,FALSE,"611"
"87","shwake2","carol vignette: difficulty in sleeping in last 30 days","Difficulty sleeping","ELSA",0.654,FALSE,"298"
"88","cortcar","cortisol awakening response (only if interval le 45 min)","cough causes awakening from sleep","ELSA",0.367,FALSE,"659"
"89","QSSLBD_Sleep","cried out during sleep?","During sleep","AMPLE",0.737,FALSE,"162"
"90","Day sleep","day sleep","Sleep","NIMROD",0.839,FALSE,"81"
"91","DCFS_Sleep","dcfs how much of the day does the patient sleep","Sleep monitoring of patient in sleep lab","AMPLE",0.385,FALSE,"637"
"92","sldurat14x","derived sleep duration [difference between sleep and wake times] (hours)","between dinner and the hour of sleep","MRC",0.532,FALSE,"427"
"93","scsytime","derived: time respondent went to sleep yesterday - 24 hour clock","When I was in pain I went to sleep in past 7D","ELSA",0.327,FALSE,"677"
"94","v117_s2","developed any sleeping problems?","Problem with Sleep","CFAS",0.487,FALSE,"505"
"95","v88_a0","difficulty falling asleep?","Difficulty sleeping","CFAS",0.687,TRUE,"217"
"96","v205_w1","difficulty falling asleep?","Difficulty sleeping","CFASII",0.687,TRUE,"230"
"97","v88_h1","difficulty in getting to sleep","In the past Y, have you had difficulty getting to sleep","CFASII",0.886,TRUE,"34"
"98","shwake1","difficulty in sleeping in last 30 days","Difficulty sleeping","ELSA",0.904,TRUE,"27"
"99","v103_h2","difficulty with sleeping now?","Difficulty sleeping","CFAS",0.907,TRUE,"23"
"100","Disturbed sleep","disturbed sleep","Stress disturbed my sleep in past 7D","NIMROD",0.868,FALSE,"63"
"101","SLEEP_WELL_FU2","do you generally sleep well? (fu2)","I didn't sleep as well as I usually sleep","EPIC",0.5,FALSE,"493"
"102","SLEEP_WELL_FU3","do you generally sleep well? (fu3)","I didn't sleep as well as I usually sleep","EPIC",0.497,FALSE,"496"
"103","NAP_FU2","do you normally take a nap during the day? (fu2)","Do you normally work or attend school during the D and sleep at night","EPIC",0.442,FALSE,"558"
"104","NAP_FU3","do you normally take a nap during the day? (fu3)","Do you normally work or attend school during the D and sleep at night","EPIC",0.44,FALSE,"561"
"105","sla6","does child sleep in room alone or with others?","Does your child usually sleep with the mouth open","MRC",0.45,FALSE,"547"
"106","sla4","does child sleep in room by himself or with others?","Does your child usually sleep with the mouth open","MRC",0.389,FALSE,"633"
"107","Acting_duration","duration of acting out dreams in months","How often do you remember your dreams - that is, dreams that occur during your regular sleep and not while napping","AMPLE",0.401,FALSE,"624"
"108","Cried_Out_duration","duration of cried out during sleep in months","Duration of sleep","AMPLE",0.663,FALSE,"266"
"109","Ex_Sleep_Duration","duration of excessive daytime sleepiness in months","Excessive daytime sleepiness - normal night sleep","AMPLE",0.782,FALSE,"105"
"110","Inc_Sleep_Comm","duration of increased sleepiness in months","Duration of sleep","AMPLE",0.544,FALSE,"417"
"111","Insomnia_duration","duration of insomnia in months","Initial insomnia","AMPLE",0.628,FALSE,"322"
"112","Night_duration_months","duration of nightmares in months","Nightmares, REM-sleep type","AMPLE",0.557,FALSE,"405"
"113","DURSLEEP_3HC","duration of sleep after assigning median to extreme values(epaq2_3hc)","REM sleep duration","EPIC",0.376,FALSE,"650"
"114","DURSLEEPWKDAY_2HC","duration of sleeping on weekday (epaq 2hc)","sleep latency on weekdays","EPIC",0.52,FALSE,"441"
"115","DURSLEEPWKDAY_3HC","duration of sleeping on weekday (epaq 3hc)","sleep latency on weekdays","EPIC",0.526,FALSE,"433"
"116","DURSLEEPWKEND_2HC","duration of sleeping on weekend (epaq 2hc)","Duration of sleep","EPIC",0.509,FALSE,"456"
"117","DURSLEEPWKEND_3HC","duration of sleeping on weekend (epaq 3hc)","Duration of sleep","EPIC",0.515,FALSE,"449"
"118","DURSLEEP_2HC","duration of sleeping: wkendsleep*2 wkdaysleep*5; (epaq 2hc)","Sleep","EPIC",0.533,FALSE,"423"
"119","Vivid_duration_months","duration of vivid dreams in months","involuntary movements during sleep with vivid dream recall","AMPLE",0.397,FALSE,"628"
"120","SP16","during the past month how would you rate your sleep quality overall?","Overall Sleep Quality Rating","CamCAN",0.651,FALSE,"300"
"121","SP2","during the past month, how long (in minutes) has it usually taken you to fall asleep each night?","Sleep during the night in past 7D","CamCAN",0.489,FALSE,"504"
"122","hrssle14x","during the past month, how many hours of actual sleep did you get at night?","Hours of Actual Sleep at Night","MRC",0.707,FALSE,"204"
"123","SP4","during the past month, how many hours of actual sleep did you get at night? (this may be different than the number of hours you spend in bed)","Hours of Actual Sleep at Night","CamCAN",0.576,FALSE,"361"
"124","SP14","during the past month, how often have you had trouble sleeping because you:- any other reasons, and if so how often?","Trouble Sleeping Because of Other Reason","CamCAN",0.674,FALSE,"255"
"125","SP8","during the past month, how often have you had trouble sleeping because you:- cannot breathe comfortably","Trouble Sleeping, Cannot Breathe Comfortably","CamCAN",0.79,FALSE,"88"
"126","SP5","during the past month, how often have you had trouble sleeping because you:- cannot get to sleep within 30 minutes","Trouble Sleeping, Cannot Get to Sleep Within 30 Minutes","CamCAN",0.781,FALSE,"106"
"127","SP9","during the past month, how often have you had trouble sleeping because you:- cough or snore loudly","Trouble Sleeping, Cough or Snoring Loudly","CamCAN",0.775,FALSE,"107"
"128","SP10","during the past month, how often have you had trouble sleeping because you:- feel too cold","Trouble Sleeping, Feel Too Cold","CamCAN",0.683,FALSE,"250"
"129","SP11","during the past month, how often have you had trouble sleeping because you:- feel too hot","Trouble Sleeping, Feel Too Hot","CamCAN",0.681,FALSE,"252"
"130","SP12","during the past month, how often have you had trouble sleeping because you:- had bad dreams","I had trouble sleeping because of bad dreams in the past 7D","CamCAN",0.841,FALSE,"80"
"131","SP13","during the past month, how often have you had trouble sleeping because you:- have pain","Trouble Sleeping Because of Pain","CamCAN",0.716,FALSE,"169"
"132","SP7","during the past month, how often have you had trouble sleeping because you:- have to get up to use the bathroom","Trouble Sleeping, Get Up to Use the Bathroom","CamCAN",0.708,FALSE,"174"
"133","SP6","during the past month, how often have you had trouble sleeping because you:- wake up in the middle of the night or early morning","Trouble Sleeping, Waking Up in the Middle of the Night or Early Morning","CamCAN",0.773,FALSE,"108"
"134","SP18","during the past month, how often have you had trouble staying awake while driving, eating meals, or engaging in social activity?","While resting, sleeping, eating or engaging in other vital activities","CamCAN",0.511,FALSE,"455"
"135","SP17","during the past month, how often have you taken medicine (prescribed or “over the counter”) to help you sleep?","Take Medicine to Help Sleep","CamCAN",0.528,FALSE,"431"
"136","slmedi14x","during the past month, how often have you taken medicine to help you sleep?","Take Medicine to Help Sleep","MRC",0.67,FALSE,"263"
"137","slqual14x","during the past month, how would you rate your sleep quality overall?","Overall Sleep Quality Rating","MRC",0.651,FALSE,"302"
"138","SAD_SLEEP_FU4","during the time when you felt sad or depressed for at least 2 weeks, did you: have more trouble falling asleep than you usually do, or sleeping too much? (fu4)","Trouble falling or staying asleep, or sleeping too much in last 2W","EPIC",0.604,FALSE,"341"
"139","Epworth Sleepiness Scale (X)","epworth sleepiness scale score at visit x","Sleeping out","CamPaIGN",0.366,FALSE,"660"
"140","EPWORTH_SS_total","epworth sleepiness scale total","Sleeping out","ICICLE",0.399,FALSE,"627"
"141","Ex_Sleep_Ever","excessive daytime sleepiness ever","Excessive daytime sleepiness - normal night sleep","AMPLE",0.863,FALSE,"64"
"142","F_188","following traumatic event has been bothered by difficulty falling or staying asleep","Have Difficulty Getting to Sleep and Staying Asleep","Airwave",0.515,FALSE,"446"
"143","F_184","following traumatic event has been bothered by upsetting dreams","Have you ever had frequent problems getting to sleep at the beginning of the night which has negatively affected how you function during the following day","Airwave",0.262,FALSE,"741"
"144","ghq0809","ghq: lost much sleep over worry","Sleep loss","MRC",0.428,FALSE,"581"
"145","ghqsleep","ghq: lost sleep over worry","Sleep loss","ELSA",0.446,FALSE,"548"
"146","b2","had difficulty in staying asleep once you are off?","Have Difficulty Getting to Sleep and Staying Asleep","GS:SFHS",0.741,FALSE,"160"
"147","v201_w1","have you had any trouble sleeping recently?","I have no trouble sleeping.","CFASII",0.821,TRUE,"83"
"148","scghqb","have you recently lost much sleep over worry?","Sleep loss","ELSA",0.386,TRUE,"634"
"149","ghq0899","have you recently lost much sleep over worry?","Sleep loss","MRC",0.386,TRUE,"635"
"150","v202_w1","have you taken anything to help you sleep?","Take Medicine to Help Sleep","CFASII",0.401,TRUE,"625"
"151","q20m","how frequently did you wake up with a full erection during the past month?","Frequently Have Trouble Getting to Sleep","ELSA",0.344,FALSE,"671"
"152","v86_a0","how long troubled sleep?","Trouble sleeping in past 4W","CFAS",0.672,TRUE,"257"
"153","Hypnotic_Dose_Comm","hypnotic dose/comments","sleep disorder; hypnotics","AMPLE",0.522,FALSE,"438"
"154","Hypnotic","hypnotic prescribed?","Used medication for anxiety or sleep not as prescribed or not prescribed for you in past 3Mo","AMPLE",0.561,FALSE,"397"
"155","mp19","i often have ideas running through my head so that i cannot sleep","Cannot sleep at all","MRC",0.442,FALSE,"559"
"156","sletw","in the last 12 months, how often has wheezing disturbed sleep","In the last 12Mo, how often, on average, has your sleep been disturbed due to wheezing","ELSA",0.764,FALSE,"116"
"157","Q54","in the last 30 days, how much difficulty have you had with sleeping, such as falling asleep, waking up frequently during the night or waking up too early in the morning","How many separate times in your life have you had difficulty getting to sleep, staying asleep or falling back to sleep after waking up during the night, for at least 1Mo","NICOLA",0.603,FALSE,"344"
"158","bedw71","in the winter do you usually sleep with your bedroom windows open?","Does your child usually sleep with the mouth open","MRC",0.443,FALSE,"555"
"159","Insomnia_Ever","insomnia ever","Initial insomnia","AMPLE",0.767,FALSE,"112"
"160","v204_w1","insomnia most of the night and sleeps mainly during the day","Sleeps during day","CFASII",0.515,TRUE,"447"
"161","INSOMNIA_FU2","insomnia requiring treatment (fu2)","Initial insomnia","EPIC",0.48,FALSE,"511"
"162","INSOMNIA_YEAR_FU2","insomnia requiring treatment: first date (year) (fu2)","Initial insomnia","EPIC",0.434,FALSE,"576"
"163","ktwsl62","kind of trouble with sleep","Trouble sleeping in past 4W","MRC",0.707,FALSE,"205"
"164","ktws62","kind of trouble with sleep (summary code) - values 26-56 are all multiple punched but exact responses not known","Multiple sleep latency test","MRC",0.337,FALSE,"672"
"165","Q25","lost much sleep over worry","Sleep loss","NICOLA",0.476,FALSE,"518"
"166","b1","lost much sleep over worry?","Sleep loss","GS:SFHS",0.476,FALSE,"517"
"167","ghqsleep","lost sleep over worry","Sleep loss","ELSA",0.501,FALSE,"491"
"168","shwake3","margaret vignette: difficulty in sleeping in last 30 days","Difficulty sleeping","ELSA",0.617,FALSE,"335"
"169","SLEEPTIME_HLEQ2","minutes sleep per night on average (derived from question a5e ) (hleq2)","Sleep Question","EPIC",0.392,FALSE,"631"
"170","pscedc","much of the time during the past week, has your sleep been restless?","My sleep was restless in past 7D","ELSA",0.615,FALSE,"336"
"171","CESDQ11","my sleep was restless","Sleep is Restless","NICOLA",0.954,FALSE,"8"
"172","Night_Comm","nightmares comments","Nightmares, REM-sleep type","AMPLE",0.607,FALSE,"338"
"173","Night_Ever","nightmares ever","Nightmares, REM-sleep type","AMPLE",0.676,FALSE,"254"
"174","nig5657","nightmares or disturbed sleep during past year (asked at 11 years)","Stress disturbed my sleep in past 7D","MRC",0.549,FALSE,"413"
"175","nig5152","nightmares or disturbed sleep during past year (asked at 6 years) number of times any member of household has gone to child","Stress disturbed my sleep in past 7D","MRC",0.427,FALSE,"583"
"176","Nocturia","nms-quest 0=symptom absent, 1=symptom present","sleep symptoms","ICICLE",0.574,TRUE,"364"
"177","Nocturia Duration","nms-quest symptom duration in months","sleep symptoms","ICICLE",0.436,TRUE,"573"
"178","nohtbc10","no height: child asleep","Asleep","ELSA",0.651,FALSE,"301"
"179","nowtbc11","no weight: child asleep","Asleep","ELSA",0.647,FALSE,"303"
"180","npisleepdis","npi distress sleep","Stress disturbed my sleep in past 7D","AMPLE",0.558,FALSE,"404"
"181","npisleepfreq","npi frequency of sleep","NPI - Sleep and Nighttime Behavior Disorders Frequency","AMPLE",0.578,FALSE,"358"
"182","npisleepsev","npi severity of sleep","Usual Severity Difficulty Sleeping","AMPLE",0.53,FALSE,"428"
"183","npisleep","npi sleep","Sleep","AMPLE",0.704,FALSE,"206"
"184","npisleeptot","npi total (axb) sleep","Total Sleep Time","AMPLE",0.577,FALSE,"359"
"185","npisleepnumber","npi total number sleep","Total Sleep Time","AMPLE",0.587,FALSE,"353"
"186","slcn","number of sleep complaints","patient complaints: interrupted sleep","MRC",0.543,FALSE,"419"
"187","v87_a0","o-rate insomnia","Initial insomnia","CFAS",0.712,TRUE,"170"
"188","v300_a0","o-respondent fell asleep","Asleep","CFAS",0.62,TRUE,"328"
"189","v269_a0","o-restless","Sleep is Restless","CFAS",0.82,TRUE,"85"
"190","v361_c12","obs - falls asleep","Asleep","CFAS",0.655,TRUE,"270"
"191","v638_w1","obs - falls asleep","Asleep","CFASII",0.655,TRUE,"281"
"192","v362_c12","obs - generally sleepy","At what time do you usually go to sleep - feel sleepy and ready to go to bed","CFAS",0.505,TRUE,"463"
"193","v639_w1","obs - generally sleepy","At what time do you usually go to sleep - feel sleepy and ready to go to bed","CFASII",0.505,TRUE,"474"
"194","SLEEP_TIME_FU2","on average, how many hours do you sleep in a 24 hour period? (fu2)","hours of sleep","EPIC",0.585,FALSE,"354"
"195","SLEEP_TIME_FU3","on average, how many hours do you sleep in a 24 hour period? (fu3)","hours of sleep","EPIC",0.583,FALSE,"355"
"196","v102_h2","onset. difficulty sleeping?","Difficulty sleeping","CFAS",0.899,TRUE,"29"
"197","INSOMNIA_FU3","other: insomnia requiring treatment (fu3)","Initial insomnia","EPIC",0.47,FALSE,"524"
"198","F_734","over past 2 weeks has been bothered by trouble falling or staying asleep - too much sleep","Trouble falling or staying asleep, or sleeping too much in last 2W","Airwave",0.8,FALSE,"87"
"199","pssle89","over the last year have you had trouble getting off to sleep?","Have a Lot of Trouble Getting to Sleep","MRC",0.77,FALSE,"109"
"200","pswak89","over the last year have you had trouble with waking up and not being able to get back to sleep?","I have no trouble sleeping.","MRC",0.541,FALSE,"420"
"201","PH308","ph308 - does your arthritis make it difficult for you to sleep at night?","Difficulty sleeping","NICOLA",0.39,FALSE,"632"
"202","PSQI_Global","pittsberg sleep quality index total","Pittsburgh sleep quality index","ICICLE",0.679,FALSE,"253"
"203","psqi14x","pittsburgh sleep quality index (psqi): total score","Pittsburgh Sleep Quality Index score","MRC",0.887,FALSE,"33"
"204","cw1_ghq122","post-c19: ghq12- whether lost much sleep over worry","sleep posture","MRC",0.313,TRUE,"715"
"205","v117_s0","problems sleeping?","Problem with Sleep","CFAS",0.712,TRUE,"172"
"206","v215_w1","proxy answered eating habits and sleep sections?","Sleep Answer","CFASII",0.506,TRUE,"461"
"207","psqimeds14x","psqi: needs medications to sleep","taking medication to help sleep","MRC",0.456,FALSE,"542"
"208","psqislpqual14x","psqi: overall sleep quality","Overall Sleep Quality Rating","MRC",0.687,FALSE,"247"
"209","psqidistb14x","psqi: sleep disturbance","Sleep disturbances","MRC",0.762,FALSE,"121"
"210","psqidurat14x","psqi: sleep duration","Duration of sleep","MRC",0.667,FALSE,"264"
"211","psqihse14x","psqi: sleep efficiency","Sleep Efficiency","MRC",0.79,FALSE,"89"
"212","psqilaten14x","psqi: sleep latency","Sleep latency test","MRC",0.618,FALSE,"334"
"213","JDPN11","q101k cesd q11- sleep (s9)","Sleep","Whitehall",0.356,FALSE,"662"
"214","XSYMP11","q15k difficulty sleeping in last 14 dys? (s3)","Difficulty sleeping","Whitehall",0.736,FALSE,"163"
"215","ZSYMP11","q17k difficulty sleeping last 14 days? (s2)","Difficulty sleeping","Whitehall",0.742,FALSE,"159"
"216","SYMP11","q19k difficulty sleeping in last 14 days (s1)","Difficulty sleeping","Whitehall",0.74,FALSE,"161"
"217","TGHQ02","q2.34 recently lost sleep by worry (s5)","Sleep loss","Whitehall",0.368,FALSE,"658"
"218","TSLEEP","q2.63 hrs sleep on avg week night (s5)","Light sleep","Whitehall",0.35,FALSE,"668"
"219","TSLPFALL","q2.64a trouble falling asleep (s5)","Trouble falling or staying asleep, or sleeping too much in last 2W","Whitehall",0.597,FALSE,"346"
"220","TSLPWAKS","q2.64b wake several times (s5)","lower back pain after sleeping on back several hours","Whitehall",0.21,FALSE,"746"
"221","TSLPSTAY","q2.64c cannot stay asleep (s5)","Cannot sleep at all","Whitehall",0.527,FALSE,"432"
"222","TSLPWAKT","q2.64d wake as usual but tired (s5)","Wake After Sleep Onset","Whitehall",0.18,FALSE,"754"
"223","FGHQ02","q23 lost sleep by worry (s11)","Sleep loss","Whitehall",0.446,FALSE,"549"
"224","DGHQ02","q23 lost sleep by worry (s12)","Sleep loss","Whitehall",0.444,FALSE,"551"
"225","QGHQ02","q23 recently lost sleep by worry (s6)","Sleep loss","Whitehall",0.415,FALSE,"595"
"226","JGHQ02","q25 lost sleep by worry (s9)","Sleep loss","Whitehall",0.478,FALSE,"513"
"227","VSYMSLP","q26d suffer menop sleep disturbance? (s4)","Sleep disturbances","Whitehall",0.614,FALSE,"337"
"228","XSYMSLP","q29d suffer menop sleep disturbance? (s3)","Sleep disturbances","Whitehall",0.605,FALSE,"340"
"229","TSYMSLP","q3.8d menopausal sleep disturb (s5)","Menopause Plus Sleep KIT","Whitehall",0.545,FALSE,"416"
"230","SLEEP","q31 hours of sleep on average week night (s1)","Shortened sleep cycle (average 5.7 hours per night)","Whitehall",0.562,FALSE,"396"
"231","SYMSLP","q36d suffer menopausal sleep disturbance (s1)","Sleep disturbances","Whitehall",0.533,FALSE,"424"
"232","KGHQ02","q42 lost sleep by worry (s8)","Sleep loss","Whitehall",0.47,FALSE,"525"
"233","MGHQ02","q42 recently lost sleep due to worry (s7)","Sleep loss","Whitehall",0.386,FALSE,"636"
"234","ZGHQ02","q54 recent lost much sleep? (s2)","Sleep loss","Whitehall",0.491,FALSE,"503"
"235","FSLEEP","q55 hours sleep on avg wk-night (s11)","hours of sleep","Whitehall",0.442,FALSE,"560"
"236","JSLEEP","q55 hours sleep on avg wk-night (s9)","hours of sleep","Whitehall",0.463,FALSE,"538"
"237","DSLEEP","q56 hours sleep on avg wk-night (s12)","hours of sleep","Whitehall",0.444,FALSE,"550"
"238","JSLPFALL","q56a last mth- trouble falling asleep (s","Trouble falling or staying asleep, or sleeping too much in last 2W","Whitehall",0.627,FALSE,"326"
"239","FSLPFALL","q56a last mth- trouble falling asleep (s11)","Trouble falling or staying asleep, or sleeping too much in last 2W","Whitehall",0.604,FALSE,"342"
"240","FSLPWAKS","q56b last mth- wake several times (s11)","lower back pain after sleeping on back several hours","Whitehall",0.202,FALSE,"749"
"241","JSLPWAKS","q56b last mth- wake several times (s9)","lower back pain after sleeping on back several hours","Whitehall",0.212,FALSE,"745"
"242","FSLPSTAY","q56c last mth- cannot stay asleep (s11)","Cannot sleep at all","Whitehall",0.513,FALSE,"453"
"243","JSLPSTAY","q56c last mth- cannot stay asleep (s9)","Cannot sleep at all","Whitehall",0.536,FALSE,"422"
"244","JSLPWAKT","q56d last mth- wake as usual but tired (","I wake up at least once a night, but I go back to sleep easily","Whitehall",0.196,FALSE,"751"
"245","FSLPWAKT","q56d last mth- wake as usual but tired (s11)","I wake up at least once a night, but I go back to sleep easily","Whitehall",0.187,FALSE,"752"
"246","FSLPDIST","q56e last mth- disturbed sleep (s11)","Stress disturbed my sleep in past 7D","Whitehall",0.627,FALSE,"325"
"247","JSLPDIST","q56e last mth- disturbed sleep (s9)","Stress disturbed my sleep in past 7D","Whitehall",0.654,FALSE,"299"
"248","DSLPFALL","q57a last mth- trouble falling asleep (s12)","Trouble falling or staying asleep, or sleeping too much in last 2W","Whitehall",0.607,FALSE,"339"
"249","FSLPNAP","q57a sleep- nap during day (s11)","During sleep","Whitehall",0.55,FALSE,"412"
"250","DSLPWAKS","q57b last mth- wake several times (s12)","lower back pain after sleeping on back several hours","Whitehall",0.203,FALSE,"747"
"251","FSLPNAPF","q57b sleep - frecuency nap during day (s11)","During sleep","Whitehall",0.431,FALSE,"579"
"252","DSLPSTAY","q57c last mth- cannot stay asleep (s12)","Cannot sleep at all","Whitehall",0.515,FALSE,"450"
"253","FSLPNAPL","q57c sleep - length of nap during day (s11)","During sleep","Whitehall",0.458,FALSE,"539"
"254","DSLPWAKT","q57d last mth- wake as usual but tired (s12)","I wake up at least once a night, but I go back to sleep easily","Whitehall",0.187,FALSE,"753"
"255","DSLPDIST","q57e last mth- disturbed sleep (s12)","Stress disturbed my sleep in past 7D","Whitehall",0.622,FALSE,"327"
"256","JSNORHOW","q58 snoring description (s9)","Use Sedative or Sleeping Medication Not as Prescribed or Without a Prescription","Whitehall",0.473,FALSE,"521"
"257","DSLPNAP","q58a sleep- nap during day (s12)","During sleep","Whitehall",0.548,FALSE,"414"
"258","DSLPNAPF","q58b sleep - frecuency nap during day (s12)","During sleep","Whitehall",0.429,FALSE,"580"
"259","DSLPNAPL","q58c sleep - length of nap during day (s12)","During sleep","Whitehall",0.457,FALSE,"541"
"260","JSLBRPAU","q61 breathing pauses during sleep (s9)","Pediatric home monitoring of breathing pauses during sleep, including breathing and heart rate, physician review and interpretation, 30-day time period","Whitehall",0.533,FALSE,"425"
"261","JSLDRIVE","q64 fallen asleep whilst driving (s9)","Sleep driving","Whitehall",0.513,FALSE,"454"
"262","KSLEEP","q72 hours sleep on avg wk-night (s8)","hours of sleep","Whitehall",0.469,FALSE,"528"
"263","MSLEEP","q72 week-night average hours of sleep (s7)","Shortened sleep cycle (average 5.7 hours per night)","Whitehall",0.454,FALSE,"544"
"264","KSLPFALL","q73a last mth- trouble falling asleep (s","Trouble falling or staying asleep, or sleeping too much in last 2W","Whitehall",0.632,FALSE,"317"
"265","MSLPFALL","q73a trouble falling asleep in last 4 wks (s7)","Trouble falling or staying asleep, or sleeping too much in last 2W","Whitehall",0.64,FALSE,"306"
"266","FALCINC4","q73b increased alc: get to sleep (s11)","Decreased need for sleep","Whitehall",0.366,FALSE,"661"
"267","KSLPWAKS","q73b last mth- wake several times (s8)","lower back pain after sleeping on back several hours","Whitehall",0.215,FALSE,"744"
"268","MSLPWAKS","q73b wake up several times in last 4 wks (s7)","lower back pain after sleeping on back several hours","Whitehall",0.218,FALSE,"743"
"269","MSLPSTAY","q73c cannot stay asleep in last 4 wks (s7)","Cannot sleep at all","Whitehall",0.555,FALSE,"407"
"270","XWKSLEEP","q73c hours/day sleep (s3)","hours of sleep","Whitehall",0.523,FALSE,"437"
"271","KSLPSTAY","q73c last mth- cannot stay asleep (s8)","Cannot sleep at all","Whitehall",0.547,FALSE,"415"
"272","KSLPWAKT","q73d last mth- wake as usual but tired (s8)","I wake up at least once a night, but I go back to sleep easily","Whitehall",0.199,FALSE,"750"
"273","MSLPWAKT","q73d wake as usual but tired in last 4 wks (s7)","I wake up at least once a night, but I go back to sleep easily","Whitehall",0.203,FALSE,"748"
"274","MSLPDIST","q73e disturbed/restless sleep in last 4 wks (s7)","Distressed by Sleep that is Restless and Disturbed","Whitehall",0.657,FALSE,"269"
"275","KSLPDIST","q73e last mth- disturbed sleep (s8)","Stress disturbed my sleep in past 7D","Whitehall",0.659,FALSE,"268"
"276","MSYMP11","q74k difficulty sleeping in last 2 wks (s7)","Difficulty sleeping","Whitehall",0.733,FALSE,"164"
"277","MSYMSLP","q79d do you experience sleep disturbance (s7)","Sleep disturbances","Whitehall",0.661,FALSE,"267"
"278","GHQ02","q81 recently lost much sleep (s1)","Sleep loss","Whitehall",0.433,FALSE,"577"
"279","XGHQ02","q88 recently lost much sleep? (s3)","Sleep loss","Whitehall",0.428,FALSE,"582"
"280","r1sleepr","r1sleepr:w1 r cesd: sleep was restless (0,1)","Restless sleep","ELSA",0.632,FALSE,"311"
"281","r2sleepr","r2sleepr:w2 r cesd: sleep was restless (0,1)","Restless sleep","ELSA",0.632,FALSE,"312"
"282","r3sleepr","r3sleepr:w3 r cesd: sleep was restless (0,1)","Sleep is Restless","ELSA",0.632,FALSE,"313"
"283","r4sleepr","r4sleepr:w4 r cesd: sleep was restless (0,1)","Sleep is Restless","ELSA",0.631,FALSE,"318"
"284","r5sleepr","r5sleepr:w5 r cesd: sleep was restless (0,1)","Sleep is Restless","ELSA",0.629,FALSE,"320"
"285","r6sleepr","r6sleepr:w6 r cesd: sleep was restless (0,1)","Sleep is Restless","ELSA",0.628,FALSE,"323"
"286","r7sleepr","r7sleepr:w7 r cesd: sleep was restless (0,1)","Sleep is Restless","ELSA",0.633,FALSE,"309"
"287","v207_w1","rate sleep interrupted during the night most nights for at least two weeks","Sleep during the night in past 7D","CFASII",0.53,TRUE,"429"
"288","v120a_s0","rate: who answered sleep section?","Sleep Answer","CFAS",0.686,TRUE,"248"
"289","v116_c12","rating: has insomnia","Initial insomnia","CFAS",0.707,TRUE,"193"
"290","v120_c12","rating: wakes early by 2 hrs","Does your child wake up early in the morning and have difficulty going back to sleep","CFAS",0.296,TRUE,"723"
"291","RTNM_Inc_Sleep","reactions to new medications - increased sleepiness","Concern About Your Use of Sedative or Sleeping Medication","AMPLE",0.413,FALSE,"596"
"292","v102_h6","s difficulty sleeping at beginning?","Difficulty sleeping","CFAS",0.754,TRUE,"140"
"293","v132_h1","s difficulty sleeping at beginning?","Difficulty sleeping","CFASII",0.754,TRUE,"147"
"294","v64_h6","s has difficulty getting to sleep?","In the past Y, have you had difficulty getting to sleep","CFAS",0.855,TRUE,"66"
"295","v66_h6","s restless at night?","Sleep is Restless","CFAS",0.76,TRUE,"122"
"296","v89_h1","s restless at night?","Sleep is Restless","CFASII",0.76,TRUE,"129"
"297","v65_h6","s wake early in morning?","Does your child wake up early in the morning and have difficulty going back to sleep","CFAS",0.569,TRUE,"373"
"298","v90_h1","s wake early in morning?","Does your child wake up early in the morning and have difficulty going back to sleep","CFASII",0.569,TRUE,"380"
"299","v64_h2","s. has difficulty in sleeping?","Difficulty sleeping","CFAS",0.96,TRUE,"2"
"300","v65_h2","s. restless/wakeful at night?","wakefulness and sleep","CFAS",0.465,TRUE,"532"
"301","v66_h2","s. wake early in morning?","Does your child wake up early in the morning and have difficulty going back to sleep","CFAS",0.569,TRUE,"369"
"302","s1sleepr","s1sleepr:w1 s cesd: sleep was restless (0,1)","Restless sleep","ELSA",0.632,FALSE,"314"
"303","s2sleepr","s2sleepr:w2 s cesd: sleep was restless (0,1)","Restless sleep","ELSA",0.632,FALSE,"315"
"304","s3sleepr","s3sleepr:w3 s cesd: sleep was restless (0,1)","Sleep is Restless","ELSA",0.632,FALSE,"316"
"305","s4sleepr","s4sleepr:w4 s cesd: sleep was restless (0,1)","Sleep is Restless","ELSA",0.631,FALSE,"319"
"306","s5sleepr","s5sleepr:w5 s cesd: sleep was restless (0,1)","Sleep is Restless","ELSA",0.629,FALSE,"321"
"307","s6sleepr","s6sleepr:w6 s cesd: sleep was restless (0,1)","Sleep is Restless","ELSA",0.628,FALSE,"324"
"308","s7sleepr","s7sleepr:w7 s cesd: sleep was restless (0,1)","Sleep is Restless","ELSA",0.633,FALSE,"310"
"309","INSOMNIA_1HC","self reported insomnia requiring treatment (1hc hlqs)","Initial insomnia","EPIC",0.393,FALSE,"629"
"310","INSOMNIA_AGE_1HC","self-reported age first diagnosed for insomnia (requiring treatment)(1hc hlqs)","Initial insomnia","EPIC",0.316,FALSE,"712"
"311","sleepu1_v2","sleep","Sleep","MRC",1,FALSE,"1"
"312","slesk","sleep been disturbed by itching or scratching","Stress disturbed my sleep in past 7D","ELSA",0.498,FALSE,"494"
"313","SD_Acting_Dream","sleep disorders - acting out dreams","Sleep Disorders","AMPLE",0.691,FALSE,"211"
"314","SD_Cried_Out","sleep disorders - cried out during sleep","Sleep Disorders","AMPLE",0.765,FALSE,"113"
"315","SD_Ex_Sleep","sleep disorders - excessive daytime sleepiness","Excessive daytime sleepiness - normal night sleep","AMPLE",0.829,FALSE,"82"
"316","SD_Insomnia","sleep disorders - insomnia","sleep disorder; insomnia type","AMPLE",0.938,FALSE,"11"
"317","SD_Arm_Leg","sleep disorders - involuntary movements of arms and legs","involuntary movements during sleep","AMPLE",0.703,FALSE,"207"
"318","SD_RLS","sleep disorders - restless legs syndrome","restless sleep disorder","AMPLE",0.7,FALSE,"208"
"319","SD_TLOC","sleep disorders - transient loss of consciousness","Sleep Disorders","AMPLE",0.497,FALSE,"495"
"320","SD_Nightmare","sleep disorders - troubled by nightmares","nightmare disorder with associated other sleep disorder","AMPLE",0.688,FALSE,"216"
"321","SD_Vivid_Dream","sleep disorders - troubled by vivid dreams","Sleep Disorders","AMPLE",0.56,FALSE,"400"
"322","actshr0610","sleep hr (beats/min)","Sleep","MRC",0.385,FALSE,"638"
"323","actstshr0610","sleep hr (beats/min) [value used for step test analysis]","Sleep Paralysis","MRC",0.466,FALSE,"531"
"324","v206_w1","sleep interrupted during the night?","Sleep-interrupting","CFASII",0.689,TRUE,"212"
"325","v89_a0","sleep interrupted?","Sleep-interrupting","CFAS",0.787,TRUE,"90"
"326","heslpx","sleep: frequency doze off/nap in morning or afternoon","When you do doze off during the D and take a nap, do you find this sleep refreshing","ELSA",0.368,FALSE,"657"
"327","heslpd","sleep: frequency wake up feeling tired & worn out","Trouble falling or staying asleep, or sleeping too much in last 2W.frequency","ELSA",0.406,FALSE,"621"
"328","heslpb","sleep: frequency wake up several times at night","NPI - Sleep and Nighttime Behavior Disorders Frequency","ELSA",0.476,FALSE,"516"
"329","heslpa","sleep: how often respondent has difficulty falling asleep","How Often Difficulty Sleeping","ELSA",0.698,FALSE,"209"
"330","heslpc","sleep: no days trouble staying asleep in last month","Trouble falling or staying asleep, or sleeping too much in last 2W","ELSA",0.765,FALSE,"115"
"331","heslpc","sleep: no. days trouble staying asleep in last month","Trouble falling or staying asleep, or sleeping too much in last 2W","ELSA",0.765,FALSE,"114"
"332","heslpe","sleep: number of hours on average week night","Shortened sleep cycle (average 5.7 hours per night)","ELSA",0.559,FALSE,"403"
"333","heslpf","sleep: rating sleep quality overall","Overall Sleep Quality Rating","ELSA",0.953,FALSE,"9"
"334","v103_h6","sleeping a problem now?","Problem with Sleep","CFAS",0.708,TRUE,"175"
"335","v133_h1","sleeping a problem now?","Problem with Sleep","CFASII",0.708,TRUE,"182"
"336","SLEEP_PROBS_FU3","symptoms at the time of menopause: difficulty in sleeping (women only) (fu3)","Has your difficulty with sleeping occurred or worsened during menopause","EPIC",0.551,FALSE,"410"
"337","v231_h2","take alcohol to sleep?","ALCOHOL USE FOR SLEEP","CFAS",0.87,TRUE,"37"
"338","v310_h1","take alcohol to sleep?","ALCOHOL USE FOR SLEEP","CFASII",0.87,TRUE,"48"
"339","v85_a0","taken anything to help sleep?","Take Medicine to Help Sleep","CFAS",0.443,TRUE,"553"
"340","v114_c12","taken anything to help you sleep?","Take Medicine to Help Sleep","CFAS",0.437,TRUE,"562"
"341","sctsyp","time respondent went to sleep yesterday (am/pm)","When I was in pain I went to sleep in past 7D","ELSA",0.351,FALSE,"667"
"342","sctsyh","time respondent went to sleep yesterday (hours)","hours of sleep","ELSA",0.466,FALSE,"530"
"343","sctsym","time respondent went to sleep yesterday (minutes)","sleep response test","ELSA",0.413,FALSE,"597"
"344","EPAQ_035","time spent sedentary, excluding sleep [hrs/d]","Study of sleep patterns, including sleep time","CamCAN",0.392,FALSE,"630"
"345","TotalMinutesSleepDaily","total minutes sleep daily","Total Sleep Time","NICOLA",0.478,FALSE,"512"
"346","Q83m","trouble falling or staying asleep","Trouble falling or staying asleep, or sleeping too much in last 2W","NICOLA",0.88,FALSE,"36"
"347","pse3582","trouble getting off to sleep in past month","Have a Lot of Trouble Getting to Sleep","MRC",0.763,FALSE,"117"
"348","v84_a0","trouble sleeping?","Trouble sleeping in past 4W","CFAS",0.957,TRUE,"6"
"349","slcna","trouble with sleep","Trouble sleeping in past 4W","MRC",0.763,TRUE,"118"
"350","QSSLBD_Nightmare","troubled by nightmares","Nightmares, REM-sleep type","AMPLE",0.55,FALSE,"411"
"351","QSSLBD_Dreams","troubled by vivid dreams?","Trouble Sleeping, Having Bad Dreams","AMPLE",0.576,FALSE,"360"
"352","slct","type of sleep complaints","patient complaints: interrupted sleep","MRC",0.565,FALSE,"391"
"353","v118_s0","type of sleep problem?","Problem with Sleep","CFAS",0.785,TRUE,"103"
"354","v118_s2","type of sleeping problem","Problem with Sleep","CFAS",0.683,FALSE,"251"
"355","slcta","type of trouble with sleep","Trouble sleeping in past 4W","MRC",0.693,FALSE,"210"
"356","sprob77","types of trouble with sleep. if 2 types noted, code both, eg trouble 1 'difficulty getting to sleep' and 2 'waking up in the night' = 12","Have a Lot of Trouble Getting to Sleep","MRC",0.603,FALSE,"343"
"357","v157_a0","vision when you are wide awake?","Pet Sleeps More, Is Awake Less","CFAS",0.349,TRUE,"669"
"358","Vivid_Comm","vivid dreams comments","involuntary movements during sleep with vivid dream recall","AMPLE",0.443,FALSE,"552"
"359","Vivid_Ever","vivid dreams ever","involuntary movements during sleep with vivid dream recall","AMPLE",0.425,FALSE,"586"
"360","v90_a0","wake up early?","Early sleep onset","CFAS",0.426,TRUE,"584"
"361","v208_w1","waking up early in the morning","Trouble Sleeping, Waking Up in the Middle of the Night or Early Morning","CFASII",0.619,TRUE,"330"
"362","v257_w1","was it when you were wide awake?","Pet Sleeps More, Is Awake Less","CFASII",0.374,TRUE,"653"
"363","sctsyp","what time did you go to sleep yesteday? am or pm","Total Sleep Time","ELSA",0.416,FALSE,"592"
"364","sctsyh","what time did you go to sleep yesteday? hours","hours of sleep","ELSA",0.543,FALSE,"418"
"365","sctsym","what time did you go to sleep yesteday? minutes","Mean sleep latency is less than 5 to 8 minutes","ELSA",0.408,FALSE,"616"
"366","sctwap","what time did you wake up yesterday? am or pm","Thinking about your recent sleep pattern: I wake up at the same time","ELSA",0.265,FALSE,"740"
"367","sctwuh","what time did you wake up yesterday? hours","Thinking about your recent sleep pattern: I wake up at the same time","ELSA",0.276,FALSE,"739"
"368","sctwum","what time did you wake up yesterday? minutes","Mean sleep latency is less than 5 to 8 minutes","ELSA",0.281,FALSE,"738"
"369","v92_a0","what wakes you up?","Wake After Sleep Onset","CFAS",0.318,TRUE,"682"
"370","v210_w1","what wakes you up?","Wake After Sleep Onset","CFASII",0.318,TRUE,"695"
"371","v167_c12","when you are wide awake?","Pet Sleeps More, Is Awake Less","CFAS",0.412,TRUE,"600"
"372","pscedc","whether felt their sleep was restless during past week","My sleep was restless in past 7D","ELSA",0.639,TRUE,"307"
"373","scghqb","whether recently lost much sleep over worry","Sleep loss","ELSA",0.378,FALSE,"649"
"374","PScedC","whether respondent felt their sleep was restless during the past week","My sleep was restless in past 7D","ELSA",0.597,FALSE,"345"
"375","v120a_s2","who answered memory/sleep section?","Sleep Answer","CFAS",0.532,FALSE,"426"
"376","X17SleepDis","x17sleepdis","Sleep-Disordered Breathing","SMC",0.424,FALSE,"587"
